id|name
http://www.mitre.org/support/swee/rosenthal.html|SWEE
https://doi.org/10.1007/10722620_29|CoopIS
https://doi.org/10.1007/978-3-540-30469-2_46|CoopIS/DOA/ODBASE (2)
Towards CIS in Quality Management - Integration of Agents and Methods._1994|CoopIS
https://doi.org/10.1007/10722620_9|CoopIS
https://doi.org/10.1109/COOPIS.1997.613823|CoopIS
https://doi.org/10.1007/978-3-540-39964-3_50|OTM
https://doi.org/10.1007/978-3-540-30468-5_35|CoopIS/DOA/ODBASE (1)
https://doi.org/10.1109/COOPIS.1997.613810|CoopIS
https://doi.org/10.1007/978-3-540-39964-3_69|OTM
https://doi.org/10.1109/COOPIS.1997.613825|CoopIS
https://doi.org/10.1007/978-3-540-39964-3_6|OTM
Specification and Verification of Communication Constraints for Interoperable Transactions._1994|CoopIS
https://doi.org/10.1109/COOPIS.1997.613821|CoopIS
https://doi.org/10.1007/3-540-36124-3_60|OTM
https://doi.org/10.1007/978-3-540-30468-5_8|CoopIS/DOA/ODBASE (1)
https://doi.org/10.1007/3-540-36124-3_46|OTM
https://doi.org/10.1007/978-3-540-30468-5_15|CoopIS/DOA/ODBASE (1)
https://doi.org/10.1007/978-3-540-39964-3_32|OTM
Enforcing Data Dependencies in Cooperative Information Systems._1993|ICICIS
https://doi.org/10.1007/978-3-540-39964-3_76|OTM
https://doi.org/10.1007/978-3-540-30468-5_16|CoopIS/DOA/ODBASE (1)
https://doi.org/10.1109/COOPIS.1996.555013|CoopIS
https://doi.org/10.1007/10722620_27|CoopIS
The Information Marketplace: The Challenge of Information Commerce._1994|CoopIS
https://doi.org/10.1109/COOPIS.1998.706184|CoopIS
Intelligent Assistance in Flexible Decisions._1993|ICICIS
https://doi.org/10.1007/3-540-36124-3_40|OTM
https://doi.org/10.1109/COOPIS.1998.706185|CoopIS
The Redux' Server._1993|ICICIS
The Role of Commitment in Cooperative Negation._1994|CoopIS
https://doi.org/10.1007/978-3-540-39964-3_71|OTM
https://doi.org/10.1109/COOPIS.1999.792177|CoopIS
https://doi.org/10.1109/COOPIS.1996.555004|CoopIS
https://doi.org/10.1007/3-540-44751-2_29|CoopIS
https://doi.org/10.1109/COOPIS.1997.613803|CoopIS
https://doi.org/10.1007/3-540-36124-3_82|OTM
https://doi.org/10.1007/978-3-540-39964-3_39|OTM
https://doi.org/10.1007/978-3-540-30469-2_48|CoopIS/DOA/ODBASE (2)
https://doi.org/10.1007/3-540-36124-3_63|OTM
https://doi.org/10.1007/978-3-540-39964-3_4|OTM
A Translation Protocol Achieving Consensus of Semantics between Cooperating Heterogeneous Database Systems._1996|CoopIS
https://doi.org/10.1007/3-540-36124-3_44|OTM
https://doi.org/10.1007/978-3-540-39964-3_90|OTM
http://doi.ieeecomputersociety.org/10.1109/COOPIS.1997.10002|CoopIS
https://doi.org/10.1109/COOPIS.1997.613808|CoopIS
https://doi.org/10.1007/978-3-540-39964-3_59|OTM
https://doi.org/10.1007/3-540-36124-3_89|OTM
https://doi.org/10.1007/978-3-540-39964-3_84|OTM
https://doi.org/10.1109/COOPIS.1998.706179|CoopIS
https://doi.org/10.1007/3-540-36124-3_55|OTM
https://doi.org/10.1007/978-3-540-30468-5_9|CoopIS/DOA/ODBASE (1)
https://doi.org/10.1007/978-3-540-30469-2_41|CoopIS/DOA/ODBASE (2)
https://doi.org/10.1007/978-3-540-30468-5_2|CoopIS/DOA/ODBASE (1)
https://doi.org/10.1109/COOPIS.1998.706280|CoopIS
https://doi.org/10.1007/978-3-540-30468-5_3|CoopIS/DOA/ODBASE (1)
https://doi.org/10.1109/COOPIS.1998.706195|CoopIS
https://doi.org/10.1007/978-3-540-30468-5_31|CoopIS/DOA/ODBASE (1)
https://doi.org/10.1007/978-3-540-30469-2_20|CoopIS/DOA/ODBASE (2)
https://doi.org/10.1007/978-3-540-30469-2_11|CoopIS/DOA/ODBASE (2)
https://doi.org/10.1007/3-540-36124-3_4|OTM
https://doi.org/10.1109/COOPIS.1998.706199|CoopIS
https://doi.org/10.1007/978-3-540-30469-2_31|CoopIS/DOA/ODBASE (2)
https://doi.org/10.1007/978-3-540-30468-5_39|CoopIS/DOA/ODBASE (1)
https://doi.org/10.1007/11341154_4|CoopIS/DOA/ODBASE (2)
https://doi.org/10.1109/COOPIS.1996.555005|CoopIS
https://doi.org/10.1007/978-3-540-39964-3_64|OTM
https://doi.org/10.1007/978-3-540-39964-3_1|OTM
Using Object Matching and Materialization to Integrate Heterogeneous Databases._1995|CoopIS
The Workflow Activity Model WAMO._1995|CoopIS
https://doi.org/10.1007/978-3-540-39964-3_67|OTM
https://doi.org/10.1109/COOPIS.1997.613798|CoopIS
https://doi.org/10.1007/10722620_11|CoopIS
Using Temporal Abstractions and Cancellations for Efficiency in Automated Meeting Scheduling._1993|ICICIS
https://doi.org/10.1007/978-3-540-39964-3_34|OTM
https://doi.org/10.1007/3-540-36124-3_45|OTM
http://doi.ieeecomputersociety.org/10.1109/COOPIS.1997.10005|CoopIS
Distributed Semantic Query Processing in a Cooperative Information System._1995|CoopIS
https://doi.org/10.1007/978-3-540-30469-2_28|CoopIS/DOA/ODBASE (2)
https://doi.org/10.1007/978-3-540-39964-3_83|OTM
https://doi.org/10.1007/3-540-36124-3_2|OTM
https://doi.org/10.1007/978-3-540-39964-3_94|OTM
Process-Oriented Integration of Tools in Distributed Modeling Environments._1995|CoopIS
https://doi.org/10.1007/978-3-540-30468-5_38|CoopIS/DOA/ODBASE (1)
https://doi.org/10.1007/978-3-540-39964-3_63|OTM
https://doi.org/10.1007/978-3-540-30469-2_25|CoopIS/DOA/ODBASE (2)
Correctness of Asynchronous Distributed Cooperation._1995|CoopIS
https://doi.org/10.1109/COOPIS.1999.792160|CoopIS
https://doi.org/10.1007/978-3-540-39964-3_29|OTM
https://doi.org/10.1007/978-3-540-30468-5_46|CoopIS/DOA/ODBASE (1)
https://doi.org/10.1007/978-3-540-39964-3_28|OTM
https://doi.org/10.1007/978-3-540-30468-5_51|CoopIS/DOA/ODBASE (1)
The Acceptance Relation and the Specification of Communicating Agents._1993|ICICIS
https://doi.org/10.1007/3-540-44751-2_9|CoopIS
Query-Free Information Retrieval._1994|CoopIS
https://doi.org/10.1007/3-540-36124-3_38|OTM
https://doi.org/10.1007/3-540-36124-3_43|OTM
Towards Persistent Object Systems for Desktop Computing._1994|CoopIS
https://doi.org/10.1007/10722620_23|CoopIS
https://doi.org/10.1007/978-3-540-30468-5_32|CoopIS/DOA/ODBASE (1)
Query Translation Supporting the Migration of Legacy Databases into Cooperative Information Systems._1994|CoopIS
https://doi.org/10.1007/978-3-540-39964-3_41|OTM
http://doi.ieeecomputersociety.org/10.1109/COOPIS.1999.10000|CoopIS
Learning Agents for Cooperative Hyperinformation Systems._1993|ICICIS
https://doi.org/10.1007/3-540-44751-2_7|CoopIS
https://doi.org/10.1109/COOPIS.1998.706181|CoopIS
https://doi.org/10.1007/3-540-36124-3_80|OTM
A Meta-service for Event Notification._|
https://doi.org/10.1007/978-3-540-39964-3_56|OTM
https://doi.org/10.1007/978-3-540-39964-3_57|OTM
Next Generation Workflow: Promises and Problems (Keynote)._1995|CoopIS
https://doi.org/10.1007/978-3-540-39964-3_20|OTM
https://doi.org/10.1007/3-540-36124-3_9|OTM
https://doi.org/10.1007/3-540-36124-3_20|OTM
https://doi.org/10.1007/978-3-540-39964-3_13|OTM
https://doi.org/10.1109/COOPIS.1997.613812|CoopIS
https://doi.org/10.1007/3-540-36124-3_14|OTM
Adaption in Open Systems: Reflection as a Backbone._1993|ICICIS
https://doi.org/10.1007/978-3-540-30468-5_26|CoopIS/DOA/ODBASE (1)
https://doi.org/10.1007/10722620_22|CoopIS
https://doi.org/10.1007/978-3-540-30468-5_6|CoopIS/DOA/ODBASE (1)
https://doi.org/10.1007/3-540-44751-2_4|CoopIS
https://doi.org/10.1007/3-540-36124-3_18|OTM
https://doi.org/10.1007/978-3-540-39964-3_77|OTM
https://doi.org/10.1109/COOPIS.1996.555007|CoopIS
Reasoning about Goals to Resolve Conflicts._1993|ICICIS
https://doi.org/10.1007/3-540-36124-3_81|OTM
https://doi.org/10.1109/COOPIS.1996.555006|CoopIS
https://doi.org/10.1007/978-3-540-39964-3_5|OTM
https://doi.org/10.1007/978-3-540-39964-3_87|OTM
https://doi.org/10.1109/COOPIS.1999.792175|CoopIS
https://doi.org/10.1007/3-540-36124-3_19|OTM
Integrating Enterprise Information Models in Carnot._1993|ICICIS
https://doi.org/10.1109/COOPIS.1998.706291|CoopIS
https://doi.org/10.1007/978-3-540-30468-5_49|CoopIS/DOA/ODBASE (1)
https://doi.org/10.1007/978-3-540-39964-3_22|OTM
https://doi.org/10.1007/978-3-540-39964-3_53|OTM
https://doi.org/10.1007/3-540-44751-2_14|CoopIS
https://doi.org/10.1109/COOPIS.1999.792146|CoopIS
https://doi.org/10.1109/COOPIS.1999.792165|CoopIS
https://doi.org/10.1109/COOPIS.1997.613799|CoopIS
A Distributed Real-Time Knowledge-Based System and Its Implementation Using Object-Oriented Techniques._1993|ICICIS
https://doi.org/10.1007/978-3-540-39964-3_7|OTM
https://doi.org/10.1007/978-3-540-39964-3_24|OTM
https://doi.org/10.1109/COOPIS.1996.554998|CoopIS
https://doi.org/10.1109/COOPIS.1999.792171|CoopIS
https://doi.org/10.1007/3-540-36124-3_84|OTM
Cooperative Dialogues with the Support of Autonomous Agents._1993|ICICIS
https://doi.org/10.1007/3-540-36124-3_79|OTM
https://doi.org/10.1007/3-540-36124-3_66|OTM
A Generic Framework for Human Computer Cooperation._1993|ICICIS
https://doi.org/10.1007/978-3-540-30469-2_40|CoopIS/DOA/ODBASE (2)
https://doi.org/10.1109/COOPIS.1997.613807|CoopIS
https://doi.org/10.1109/COOPIS.1996.554996|CoopIS
https://doi.org/10.1007/978-3-540-39964-3_14|OTM
https://doi.org/10.1007/978-3-540-30468-5_50|CoopIS/DOA/ODBASE (1)
https://doi.org/10.1007/3-540-36124-3_28|OTM
https://doi.org/10.1109/COOPIS.1998.706193|CoopIS
https://doi.org/10.1007/978-3-540-39964-3_68|OTM
https://doi.org/10.1109/COOPIS.1999.792174|CoopIS
https://doi.org/10.1007/3-540-36124-3_87|OTM
https://doi.org/10.1007/10722620_14|CoopIS
https://doi.org/10.1007/10722620_7|CoopIS
https://doi.org/10.1109/COOPIS.1999.792150|CoopIS
Cooperative Modeling in Aplied Geographic Research._1994|CoopIS
https://doi.org/10.1007/978-3-540-39964-3_35|OTM
https://doi.org/10.1007/3-540-36124-3_7|OTM
https://doi.org/10.1007/978-3-540-30468-5_36|CoopIS/DOA/ODBASE (1)
https://doi.org/10.1007/3-540-36124-3_36|OTM
https://doi.org/10.1007/978-3-031-17834-4_1|CoopIS
Task-Oriented Development of Intelligent Information Systems._1993|ICICIS
https://doi.org/10.1007/978-3-540-39964-3_2|OTM
https://doi.org/10.1007/978-3-540-30469-2_22|CoopIS/DOA/ODBASE (2)
https://doi.org/10.1007/978-3-540-30468-5_34|CoopIS/DOA/ODBASE (1)
https://doi.org/10.1007/10722620_2|CoopIS
https://doi.org/10.1007/3-540-36124-3_62|OTM
https://doi.org/10.1109/COOPIS.1996.554999|CoopIS
https://doi.org/10.1109/COOPIS.1997.613818|CoopIS
https://doi.org/10.1007/3-540-36124-3_70|OTM
https://doi.org/10.1007/3-540-44751-2_3|CoopIS
https://doi.org/10.1109/COOPIS.1998.706273|CoopIS
https://doi.org/10.1109/COOPIS.1997.613815|CoopIS
http://doi.ieeecomputersociety.org/10.1109/COOPIS.1997.10000|CoopIS
https://doi.org/10.1109/COOPIS.1999.792178|CoopIS
https://doi.org/10.1109/COOPIS.1998.706202|CoopIS
https://doi.org/10.1007/10722620_15|CoopIS
https://doi.org/10.1007/3-540-36124-3_24|OTM
https://doi.org/10.1007/978-3-540-39964-3_18|OTM
https://doi.org/10.1007/978-3-540-39964-3_44|OTM
https://doi.org/10.1007/978-3-540-30468-5_33|CoopIS/DOA/ODBASE (1)
https://doi.org/10.1109/COOPIS.1996.555019|CoopIS
https://doi.org/10.1109/COOPIS.1996.555008|CoopIS
https://doi.org/10.1109/COOPIS.1997.613824|CoopIS
https://doi.org/10.1007/978-3-540-39964-3_37|OTM
https://doi.org/10.1007/10722620_28|CoopIS
https://doi.org/10.1007/978-3-540-39964-3_10|OTM
CODA - A GROUPBASE-System for Cooperative Design Applications._1993|ICICIS
https://doi.org/10.1007/3-540-36124-3_56|OTM
https://doi.org/10.1109/COOPIS.1999.792167|CoopIS
https://doi.org/10.1109/COOPIS.1999.792181|CoopIS
https://doi.org/10.1109/COOPIS.1998.706289|CoopIS
https://doi.org/10.1007/3-540-44751-2_22|CoopIS
https://doi.org/10.1007/978-3-540-39964-3_82|OTM
https://doi.org/10.1007/3-540-36124-3_71|OTM
https://doi.org/10.1109/COOPIS.1997.613822|CoopIS
https://doi.org/10.1007/3-540-36124-3_26|OTM
https://doi.org/10.1109/COOPIS.1996.554997|CoopIS
https://doi.org/10.1007/978-3-540-30468-5_17|CoopIS/DOA/ODBASE (1)
https://doi.org/10.1007/978-3-540-39964-3_30|OTM
https://doi.org/10.1007/978-3-540-39964-3_23|OTM
https://doi.org/10.1007/978-3-031-17834-4_8|CoopIS
Cooperation in Distributed Medcal Care._1994|CoopIS
https://doi.org/10.1007/978-3-540-30468-5_42|CoopIS/DOA/ODBASE (1)
https://doi.org/10.1007/978-3-540-39964-3_65|OTM
Partitioning Information Bases with Contexts._1995|CoopIS
https://doi.org/10.1007/3-540-36124-3_65|OTM
https://doi.org/10.1007/978-3-540-30468-5_48|CoopIS/DOA/ODBASE (1)
https://doi.org/10.1007/3-540-36124-3_50|OTM
https://doi.org/10.1007/978-3-540-30468-5_47|CoopIS/DOA/ODBASE (1)
Using Heterogeneous Equivalences for Query Rewriting in Multidatabase Systems._1995|CoopIS
https://doi.org/10.1007/10722620_25|CoopIS
https://doi.org/10.1007/978-3-540-39964-3_54|OTM
https://doi.org/10.1007/978-3-540-30469-2_23|CoopIS/DOA/ODBASE (2)
https://doi.org/10.1007/3-540-36124-3_86|OTM
https://doi.org/10.1109/COOPIS.1998.706283|CoopIS
Universal Contextual Queries in Database Networks._1995|CoopIS
https://doi.org/10.1007/978-3-540-39964-3_66|OTM
A CORBA-Based Transaction System for the Wireless Communication Environment._|
https://doi.org/10.1007/978-3-540-30469-2_38|CoopIS/DOA/ODBASE (2)
https://doi.org/10.1007/3-540-44751-2_18|CoopIS
https://doi.org/10.1007/10722620_10|CoopIS
https://doi.org/10.1109/COOPIS.1998.706190|CoopIS
https://doi.org/10.1109/COOPIS.1998.706186|CoopIS
https://doi.org/10.1007/978-3-540-30468-5_30|CoopIS/DOA/ODBASE (1)
https://doi.org/10.1007/3-540-36124-3_27|OTM
https://doi.org/10.1007/978-3-540-30469-2_36|CoopIS/DOA/ODBASE (2)
Distributed Consensus Mechanisms for Self-Interested Heterogeneous Agents._1993|ICICIS
https://doi.org/10.1007/978-3-540-39964-3_73|OTM
https://doi.org/10.1007/3-540-44751-2_19|CoopIS
Multidatabase Interoperability in Health Case Legacy Applications._1994|CoopIS
https://doi.org/10.1007/978-3-540-39964-3_74|OTM
https://doi.org/10.1007/978-3-540-30469-2_14|CoopIS/DOA/ODBASE (2)
An Architecture for Dynamically Interacting Agents._1994|CoopIS
https://doi.org/10.1007/3-540-44751-2_15|CoopIS
A Semantic-Based Nested Transaction Model for Intelligent and Cooperative Information Systems._1993|ICICIS
https://doi.org/10.1007/978-3-540-30469-2_18|CoopIS/DOA/ODBASE (2)
Negotiation with Incomplete Information about Worth: Strict versus Tolerant Mechanisms._1993|ICICIS
https://doi.org/10.1109/COOPIS.1999.792147|CoopIS
O-Raid: Experiences and Experiments._1993|ICICIS
https://doi.org/10.1109/COOPIS.1998.706183|CoopIS
https://doi.org/10.1007/3-540-36124-3_75|OTM
https://doi.org/10.1007/978-3-540-30468-5_29|CoopIS/DOA/ODBASE (1)
https://doi.org/10.1007/3-540-36124-3_73|OTM
https://doi.org/10.1109/COOPIS.1999.792168|CoopIS
https://doi.org/10.1007/978-3-540-30468-5_45|CoopIS/DOA/ODBASE (1)
https://doi.org/10.1007/978-3-540-30468-5_27|CoopIS/DOA/ODBASE (1)
https://doi.org/10.1007/978-3-031-17834-4_20|CoopIS
https://doi.org/10.1007/3-540-36124-3_22|OTM
https://doi.org/10.1109/COOPIS.1999.792172|CoopIS
https://doi.org/10.1109/COOPIS.1998.706275|CoopIS
https://doi.org/10.1007/978-3-540-39964-3_91|OTM
https://doi.org/10.1007/978-3-540-30469-2_26|CoopIS/DOA/ODBASE (2)
https://doi.org/10.1007/3-540-36124-3_74|OTM
https://doi.org/10.1007/978-3-540-30468-5_25|CoopIS/DOA/ODBASE (1)
https://doi.org/10.1007/978-3-540-39964-3_40|OTM
https://doi.org/10.1007/3-540-44751-2_23|CoopIS
Design Considerations for an Accident Management System._1994|CoopIS
https://doi.org/10.1109/COOPIS.1996.554955|CoopIS
An Object-Oriented Programming Environment for Multimedia Cooperative Information Systems._1994|CoopIS
A Semantic-Discriminated Approach to Integration of Federated Databases._1995|CoopIS
https://doi.org/10.1007/978-3-540-39964-3_9|OTM
https://doi.org/10.1109/COOPIS.1998.706201|CoopIS
https://doi.org/10.1109/COOPIS.1999.792157|CoopIS
https://doi.org/10.1007/978-3-540-39964-3_36|OTM
https://doi.org/10.1109/COOPIS.1997.613811|CoopIS
https://doi.org/10.1007/978-3-540-30468-5_5|CoopIS/DOA/ODBASE (1)
https://doi.org/10.1109/COOPIS.1998.706315|CoopIS
https://doi.org/10.1109/COOPIS.1997.613809|CoopIS
https://doi.org/10.1007/3-540-36124-3_41|OTM
https://doi.org/10.1007/978-3-540-30468-5_41|CoopIS/DOA/ODBASE (1)
https://doi.org/10.1109/COOPIS.1998.706188|CoopIS
https://doi.org/10.1007/978-3-540-30468-5_1|CoopIS/DOA/ODBASE (1)
https://doi.org/10.1109/COOPIS.1999.792176|CoopIS
https://doi.org/10.1007/3-540-36124-3_3|OTM
Sistributed Objects in a Federation of Autonomous Cooperating Agents._1993|ICICIS
https://doi.org/10.1109/COOPIS.1998.706192|CoopIS
https://doi.org/10.1007/978-3-540-30469-2_17|CoopIS/DOA/ODBASE (2)
https://doi.org/10.1007/978-3-031-17834-4_16|CoopIS
https://doi.org/10.1007/978-3-540-39964-3_81|OTM
https://doi.org/10.1007/978-3-031-17834-4_18|CoopIS
https://doi.org/10.1109/COOPIS.1998.706196|CoopIS
https://doi.org/10.1109/COOPIS.1998.706194|CoopIS
https://doi.org/10.1007/978-3-540-39964-3_58|OTM
https://doi.org/10.1007/3-540-36124-3_17|OTM
https://doi.org/10.1007/978-3-540-39964-3_19|OTM
https://doi.org/10.1109/COOPIS.1998.706191|CoopIS
https://doi.org/10.1007/978-3-540-30469-2_16|CoopIS/DOA/ODBASE (2)
Control of Collaboration within Intelligent and Cooperative Information Systems._1994|CoopIS
Specifying Flexible Tasks in a Multi-database._1994|CoopIS
https://doi.org/10.1007/978-3-540-39964-3_27|OTM
https://doi.org/10.1007/978-3-540-30468-5_4|CoopIS/DOA/ODBASE (1)
https://doi.org/10.1007/3-540-36124-3_47|OTM
https://doi.org/10.1007/978-3-540-39964-3_75|OTM
https://doi.org/10.1109/COOPIS.1998.706180|CoopIS
Cooperating Agents for Information Retrieval._1994|CoopIS
https://doi.org/10.1007/978-3-540-39964-3_16|OTM
https://doi.org/10.1007/3-540-36124-3_23|OTM
https://doi.org/10.1007/978-3-031-17834-4_4|CoopIS
https://doi.org/10.1109/COOPIS.1997.613817|CoopIS
https://doi.org/10.1007/978-3-540-30468-5_21|CoopIS/DOA/ODBASE (1)
https://doi.org/10.1007/3-540-44751-2_8|CoopIS
https://doi.org/10.1007/978-3-540-30469-2_24|CoopIS/DOA/ODBASE (2)
https://doi.org/10.1007/3-540-44751-2_12|CoopIS
Semantic Interoperability - Context, Issues and Research Directions._1994|CoopIS
https://doi.org/10.1007/978-3-540-39964-3_11|OTM
https://doi.org/10.1007/3-540-36124-3_54|OTM
https://doi.org/10.1109/COOPIS.1999.792161|CoopIS
https://doi.org/10.1007/978-3-540-30468-5_7|CoopIS/DOA/ODBASE (1)
https://doi.org/10.1007/3-540-36124-3_16|OTM
https://doi.org/10.1007/978-3-540-39964-3_25|OTM
https://doi.org/10.1007/3-540-36124-3_72|OTM
A Group Communication Support System in a Software Development Project Based on Trouble Communication Model._1993|ICICIS
Interoperability in Multidatabase Systems (Panel)._1995|CoopIS
https://doi.org/10.1109/COOPIS.1999.792158|CoopIS
https://doi.org/10.1007/978-3-540-30469-2_13|CoopIS/DOA/ODBASE (2)
https://doi.org/10.1007/3-540-36124-3_11|OTM
https://doi.org/10.1109/COOPIS.1998.706182|CoopIS
https://doi.org/10.1007/978-3-540-30469-2_33|CoopIS/DOA/ODBASE (2)
https://doi.org/10.1007/978-3-540-39964-3_43|OTM
https://doi.org/10.1007/3-540-44751-2_26|CoopIS
A Computer-Supported Cooperative Problem Solving Environment for Examining Communication Effectiveness._1993|ICICIS
Application Modelling in Heterogeneous Environments Using an Object Specification Language._1993|ICICIS
https://doi.org/10.1007/3-540-36124-3_37|OTM
https://doi.org/10.1007/978-3-540-30468-5_18|CoopIS/DOA/ODBASE (1)
https://doi.org/10.1109/COOPIS.1998.706187|CoopIS
https://doi.org/10.1007/978-3-540-30468-5_20|CoopIS/DOA/ODBASE (1)
https://doi.org/10.1007/978-3-540-30468-5_13|CoopIS/DOA/ODBASE (1)
Cooperating Transactions in a Versioned Database._1993|ICICIS
https://doi.org/10.1007/978-3-540-39964-3_31|OTM
https://doi.org/10.1007/978-3-031-17834-4_10|CoopIS
https://doi.org/10.1007/978-3-540-39964-3_15|OTM
https://doi.org/10.1109/COOPIS.1997.613806|CoopIS
https://doi.org/10.1007/978-3-540-30469-2_27|CoopIS/DOA/ODBASE (2)
https://doi.org/10.1007/10722620_8|CoopIS
https://doi.org/10.1109/COOPIS.1996.554995|CoopIS
https://doi.org/10.1007/978-3-540-30469-2_9|CoopIS/DOA/ODBASE (2)
A Multiformalism Approach to Formalize Intelligent Cooperative Information Systems._1993|ICICIS
https://doi.org/10.1109/COOPIS.1999.792170|CoopIS
https://doi.org/10.1007/978-3-540-30469-2_30|
https://doi.org/10.1109/COOPIS.1997.613819|CoopIS
https://doi.org/10.1007/978-3-540-30468-5_14|CoopIS/DOA/ODBASE (1)
https://doi.org/10.1007/3-540-36124-3_76|OTM
https://doi.org/10.1109/COOPIS.1998.706189|CoopIS
https://doi.org/10.1109/COOPIS.1999.792148|CoopIS
https://doi.org/10.1007/10722620_18|CoopIS
https://doi.org/10.1007/978-3-540-39964-3_47|OTM
Ontologies for Enterprise Integration._1994|CoopIS
https://doi.org/10.1007/978-3-540-30468-5_44|CoopIS/DOA/ODBASE (1)
https://doi.org/10.1109/COOPIS.1998.706278|CoopIS
https://doi.org/10.1109/COOPIS.1998.706197|CoopIS
Multiple Perspectives on Semantic Issues (Panel)._1995|CoopIS
https://doi.org/10.1007/978-3-540-30468-5_40|CoopIS/DOA/ODBASE (1)
https://doi.org/10.1007/978-3-540-30469-2_47|CoopIS/DOA/ODBASE (2)
https://doi.org/10.1109/COOPIS.1998.706276|CoopIS
https://doi.org/10.1007/978-3-540-30469-2_21|CoopIS/DOA/ODBASE (2)
https://doi.org/10.1007/978-3-540-39964-3_17|OTM
https://doi.org/10.1007/3-540-44751-2_30|CoopIS
https://doi.org/10.1007/3-540-36124-3_15|OTM
https://doi.org/10.1109/COOPIS.1996.555003|CoopIS
https://doi.org/10.1109/COOPIS.1997.613813|CoopIS
Detecting Semantic Violations in Generalised Classification Structures._1993|ICICIS
https://doi.org/10.1007/3-540-44751-2_32|CoopIS
https://doi.org/10.1109/COOPIS.1999.792159|CoopIS
https://doi.org/10.1007/3-540-36124-3_29|OTM
https://doi.org/10.1007/3-540-36124-3_34|OTM
https://doi.org/10.1007/3-540-44751-2_21|CoopIS
https://doi.org/10.1007/978-3-540-30468-5_24|CoopIS/DOA/ODBASE (1)
https://doi.org/10.1007/3-540-44751-2_31|CoopIS
https://doi.org/10.1007/978-3-540-39964-3_26|OTM
https://doi.org/10.1007/3-540-44751-2_6|CoopIS
https://doi.org/10.1007/978-3-540-30468-5_37|CoopIS/DOA/ODBASE (1)
https://doi.org/10.1007/3-540-36124-3_59|OTM
https://doi.org/10.1007/3-540-36124-3_49|OTM
https://doi.org/10.1109/COOPIS.1999.792182|CoopIS
https://doi.org/10.1109/COOPIS.1999.792164|CoopIS
https://doi.org/10.1109/COOPIS.1999.792173|CoopIS
https://doi.org/10.1007/978-3-540-30469-2_45|CoopIS/DOA/ODBASE (2)
https://doi.org/10.1007/3-540-36124-3_33|OTM
https://doi.org/10.1007/3-540-36124-3_12|OTM
A Planning Algorithm for Distributed Manufacturing._1993|ICICIS
https://doi.org/10.1007/3-540-44751-2_16|CoopIS
https://doi.org/10.1007/978-3-540-30469-2_3|CoopIS/DOA/ODBASE (2)
https://doi.org/10.1109/COOPIS.1997.613797|CoopIS
https://doi.org/10.1007/3-540-36124-3_13|OTM
https://doi.org/10.1007/3-540-36124-3_1|OTM
https://doi.org/10.1007/978-3-540-30469-2_8|CoopIS/DOA/ODBASE (2)
Query Transformation Techniques for Interoperable Query Processing in Cooperative Information Systems._1994|CoopIS
https://doi.org/10.1109/COOPIS.1998.706198|CoopIS
https://doi.org/10.1007/3-540-36124-3_32|OTM
https://doi.org/10.1007/3-540-44751-2_28|CoopIS
https://doi.org/10.1007/978-3-540-30469-2_35|CoopIS/DOA/ODBASE (2)
https://doi.org/10.1109/COOPIS.1996.555001|CoopIS
https://doi.org/10.1007/978-3-540-39964-3_95|OTM
https://doi.org/10.1007/978-3-031-17834-4_7|CoopIS
https://doi.org/10.1007/978-3-540-39964-3_88|OTM
https://doi.org/10.1007/978-3-540-30469-2_39|CoopIS/DOA/ODBASE (2)
https://doi.org/10.1109/COOPIS.1998.706226|CoopIS
The Reflective Approach for Data-Driven Rules._1993|ICICIS
https://doi.org/10.1007/978-3-540-39964-3_46|OTM
https://doi.org/10.1007/10722620_16|CoopIS
Exotica/FMDC: Handling Disconnected Clients in a Workflow Management System._1995|CoopIS
https://doi.org/10.1007/978-3-540-39964-3_33|OTM
Intelligent Web Search via Personalizable Meta-search Agents._2002|OTM
https://doi.org/10.1007/3-540-36124-3_30|OTM
https://doi.org/10.1007/978-3-540-39964-3_8|OTM
https://doi.org/10.1007/978-3-540-39964-3_89|OTM
https://doi.org/10.1007/3-540-36124-3_64|OTM
https://doi.org/10.1109/COOPIS.1996.555002|CoopIS
https://doi.org/10.1007/978-3-540-30469-2_7|CoopIS/DOA/ODBASE (2)
https://doi.org/10.1007/3-540-44751-2_25|CoopIS
https://doi.org/10.1007/3-540-36124-3_21|OTM
https://doi.org/10.1007/978-3-031-17834-4_2|CoopIS
https://doi.org/10.1007/978-3-540-39964-3_80|OTM
https://doi.org/10.1007/10722620_13|CoopIS
https://doi.org/10.1007/978-3-540-30469-2_10|CoopIS/DOA/ODBASE (2)
https://doi.org/10.1007/978-3-031-17834-4_11|CoopIS
https://doi.org/10.1007/3-540-36124-3_48|OTM
https://doi.org/10.1007/978-3-540-39964-3_72|OTM
https://doi.org/10.1007/3-540-36124-3_51|OTM
Restricting Query Relaxation through User Constraints._1993|ICICIS
https://doi.org/10.1007/3-540-44751-2_20|CoopIS
https://doi.org/10.1007/10722620_5|CoopIS
https://doi.org/10.1007/3-540-36124-3_78|OTM
Animating Formal Requirements Specifications of Cooperative Information Systems._1994|CoopIS
https://doi.org/10.1007/978-3-540-30468-5_10|CoopIS/DOA/ODBASE (1)
https://doi.org/10.1109/COOPIS.1998.706274|CoopIS
https://doi.org/10.1007/978-3-540-30469-2_43|CoopIS/DOA/ODBASE (2)
https://doi.org/10.1109/COOPIS.1999.792152|CoopIS
https://doi.org/10.1007/3-540-44751-2_24|CoopIS
https://doi.org/10.1007/10722620_19|CoopIS
https://doi.org/10.1007/10722620_17|CoopIS
https://doi.org/10.1007/978-3-540-30468-5_11|CoopIS/DOA/ODBASE (1)
https://doi.org/10.1007/3-540-44751-2_13|CoopIS
https://doi.org/10.1007/3-540-44751-2_17|CoopIS
https://doi.org/10.1007/978-3-540-39964-3_79|OTM
https://doi.org/10.1109/COOPIS.1998.706234|CoopIS
Successful Integration of Databases, Knowledge-Based Systems, and Human Judgement._1993|ICICIS
https://doi.org/10.1007/978-3-540-30469-2_32|CoopIS/DOA/ODBASE (2)
https://doi.org/10.1007/10722620_30|CoopIS
https://doi.org/10.1007/3-540-36124-3_58|OTM
https://doi.org/10.1007/978-3-540-39964-3_86|OTM
IRO-DB, a Solution for Computer Integrated Manufacturing Applications._1995|CoopIS
The Basis for Mediation._1995|CoopIS
https://doi.org/10.1109/COOPIS.1999.792180|CoopIS
https://doi.org/10.1109/COOPIS.1997.613805|CoopIS
A Negotiation Protocol for Conflict Resolution in Multi-Agent Environments._1993|ICICIS
https://doi.org/10.1007/3-540-36124-3_5|OTM
https://doi.org/10.1109/COOPIS.1999.792149|CoopIS
https://doi.org/10.1007/3-540-44751-2_5|CoopIS
https://doi.org/10.1007/3-540-44751-2_1|CoopIS
https://doi.org/10.1007/3-540-36124-3_69|OTM
https://doi.org/10.1109/COOPIS.1997.613820|CoopIS
https://doi.org/10.1007/978-3-540-39964-3_60|OTM
https://doi.org/10.1007/10722620_12|CoopIS
https://doi.org/10.1007/978-3-031-17834-4_9|CoopIS
https://doi.org/10.1007/978-3-540-30469-2_42|CoopIS/DOA/ODBASE (2)
Role Conflicts in Groupware._1993|ICICIS
https://doi.org/10.1007/3-540-36124-3_6|OTM
https://doi.org/10.1007/3-540-36124-3_8|OTM
https://doi.org/10.1007/3-540-36124-3_61|OTM
https://doi.org/10.1109/COOPIS.1996.555009|CoopIS
https://doi.org/10.1007/3-540-36124-3_39|OTM
https://doi.org/10.1007/3-540-36124-3_57|OTM
https://doi.org/10.1007/978-3-540-39964-3_38|OTM
https://doi.org/10.1007/978-3-540-30469-2_12|CoopIS/DOA/ODBASE (2)
https://doi.org/10.1007/3-540-36124-3_67|OTM
https://doi.org/10.1007/978-3-540-39964-3_55|OTM
https://doi.org/10.1007/978-3-540-39964-3_45|OTM
https://doi.org/10.1007/978-3-031-17834-4_17|CoopIS
https://doi.org/10.1007/10722620_20|CoopIS
https://doi.org/10.1007/978-3-540-39964-3_85|OTM
http://doi.ieeecomputersociety.org/10.1109/COOPIS.1996.10006|CoopIS
https://doi.org/10.1007/978-3-540-30468-5_22|CoopIS/DOA/ODBASE (1)
Enforcing Inter-Task Dependencies in Transactional Workflows._1995|CoopIS
https://doi.org/10.1007/978-3-540-30469-2_34|CoopIS/DOA/ODBASE (2)
A Framework of Flexible and Dynamic Integration for Multidatabases._1993|ICICIS
https://doi.org/10.1007/10722620_21|CoopIS
https://doi.org/10.1007/978-3-031-17834-4_5|CoopIS
https://doi.org/10.1007/978-3-031-17834-4_13|CoopIS
https://doi.org/10.1007/978-3-540-39964-3_61|OTM
https://doi.org/10.1007/3-540-36124-3_88|OTM
Modelling the Real World by Multi-World Data Model._1993|ICICIS
https://doi.org/10.1109/COOPIS.1999.792163|CoopIS
https://doi.org/10.1007/10722620_1|CoopIS
https://doi.org/10.1007/978-3-540-30469-2_49|CoopIS/DOA/ODBASE (2)
https://doi.org/10.1007/978-3-540-30469-2_29|CoopIS/DOA/ODBASE (2)
https://doi.org/10.1007/978-3-540-39964-3_12|OTM
https://doi.org/10.1109/COOPIS.1997.613800|CoopIS
https://doi.org/10.1007/978-3-540-39964-3_52|OTM
https://doi.org/10.1007/3-540-36124-3_52|OTM
https://doi.org/10.1109/COOPIS.1999.792166|CoopIS
https://doi.org/10.1007/978-3-540-39964-3_70|OTM
https://doi.org/10.1109/COOPIS.1996.555011|CoopIS
Cooperative Information Systems in Integrated Manufacturing Environments._1994|CoopIS
https://doi.org/10.1007/3-540-36124-3_10|OTM
Cooperative Information Systems: An Overview (Tutorial)._1995|CoopIS
https://doi.org/10.1109/COOPIS.1999.792183|CoopIS
https://doi.org/10.1007/978-3-540-39964-3_48|OTM
From Organization Models to System Requirements: A 'Cooperating Agents' Approach._1995|CoopIS
https://doi.org/10.1109/COOPIS.1999.792169|CoopIS
https://doi.org/10.1007/978-3-540-39964-3_49|OTM
https://doi.org/10.1007/978-3-540-39964-3_42|OTM
https://doi.org/10.1007/978-3-540-30468-5_28|CoopIS/DOA/ODBASE (1)
https://doi.org/10.1007/3-540-36124-3_68|OTM
https://doi.org/10.1007/978-3-540-30469-2_19|CoopIS/DOA/ODBASE (2)
Managing Global Information in the CORDS Multidatabase System._1994|CoopIS
https://doi.org/10.1109/COOPIS.1998.706285|CoopIS
https://doi.org/10.1007/978-3-540-30469-2_15|CoopIS/DOA/ODBASE (2)
https://doi.org/10.1007/978-3-031-17834-4_19|CoopIS
https://doi.org/10.1007/978-3-031-17834-4_6|CoopIS
Knowledge about Other Agents in Heterogeneous Dynamic Domains._1993|ICICIS
https://doi.org/10.1007/10722620_24|CoopIS
https://doi.org/10.1109/COOPIS.1996.555017|CoopIS
https://doi.org/10.1109/COOPIS.1999.792179|CoopIS
https://doi.org/10.1007/978-3-540-39964-3_3|OTM
https://doi.org/10.1007/10722620_26|CoopIS
https://doi.org/10.1007/978-3-540-30469-2_2|CoopIS/DOA/ODBASE (2)
https://doi.org/10.1007/978-3-540-30468-5_12|CoopIS/DOA/ODBASE (1)
https://doi.org/10.1007/3-540-36124-3_25|OTM
https://doi.org/10.1007/3-540-36124-3_35|OTM
https://doi.org/10.1007/978-3-540-30468-5_23|CoopIS/DOA/ODBASE (1)
https://doi.org/10.1007/10722620_3|CoopIS
https://doi.org/10.1109/COOPIS.1996.554952|CoopIS
https://doi.org/10.1007/978-3-031-17834-4_15|CoopIS
https://doi.org/10.1007/3-540-44751-2_10|CoopIS
https://doi.org/10.1109/COOPIS.1997.613816|CoopIS
https://doi.org/10.1007/10722620_4|CoopIS
https://doi.org/10.1007/978-3-540-30469-2_1|CoopIS/DOA/ODBASE (2)
https://doi.org/10.1109/COOPIS.1998.706287|CoopIS
https://doi.org/10.1007/3-540-36124-3_53|OTM
https://doi.org/10.1007/978-3-540-39964-3_51|OTM
https://doi.org/10.1109/COOPIS.1998.706200|CoopIS
https://doi.org/10.1007/3-540-44751-2_2|CoopIS
Physical Ownership and Task Reallocation for Multiple Robots with Heterogeneous Goals._1993|ICICIS
https://doi.org/10.1007/978-3-540-39964-3_21|OTM
https://doi.org/10.1007/978-3-540-39964-3_78|OTM
https://doi.org/10.1007/3-540-44751-2_27|CoopIS
https://doi.org/10.1007/978-3-540-30468-5_43|CoopIS/DOA/ODBASE (1)
Declarative Semantics of Interoperable Data and Knowledge Bases._1993|ICICIS
https://doi.org/10.1007/978-3-540-39964-3_62|OTM
CapBasED-AMS - A Framework for Capability-Based and Event-Driven Activity Management System._1995|CoopIS
Methodological Issues in the Design of Intelligent and Cooperative Information Systems._1993|ICICIS
https://doi.org/10.1109/COOPIS.1997.613804|CoopIS
https://doi.org/10.1007/10722620_6|CoopIS
https://doi.org/10.1109/COOPIS.1997.613801|CoopIS
https://doi.org/10.1007/978-3-540-30469-2_37|CoopIS/DOA/ODBASE (2)
Intelligent Modifications in a Distributed Knowledge-Representation Architecture._1993|ICICIS
Managing Concurrent Activities in Collaborative Environments._1995|CoopIS
https://doi.org/10.1109/COOPIS.1997.613814|CoopIS
https://doi.org/10.1109/COOPIS.1997.613802|CoopIS
Agent Technologies (Tutorial)._1995|CoopIS
https://doi.org/10.1007/978-3-540-30469-2_5|CoopIS/DOA/ODBASE (2)
https://doi.org/10.1109/COOPIS.1998.706203|CoopIS
https://doi.org/10.1109/COOPIS.1996.555010|CoopIS
https://doi.org/10.1007/3-540-36124-3_42|OTM
https://doi.org/10.1007/978-3-540-39964-3_92|OTM
Cooperative Query Answering Using Multiple Layered Databases._1994|CoopIS
https://doi.org/10.1109/COOPIS.1998.706228|CoopIS
https://doi.org/10.1007/978-3-540-30469-2_44|CoopIS/DOA/ODBASE (2)
Interschema Knowledge in Cooperative Information Systems._1993|ICICIS
https://doi.org/10.1109/COOPIS.1999.792162|CoopIS
https://doi.org/10.1007/3-540-36124-3_77|OTM
https://doi.org/10.1007/3-540-36124-3_31|OTM
https://doi.org/10.1007/3-540-36124-3_83|OTM
https://doi.org/10.1007/3-540-44751-2_11|CoopIS
https://doi.org/10.1007/978-3-540-30469-2_6|CoopIS/DOA/ODBASE (2)
https://doi.org/10.1007/978-3-031-17834-4_14|CoopIS
https://doi.org/10.1109/NOTERE.2010.5536671|NOTERE
https://doi.org/10.1109/NOTERE.2011.5957984|NOTERE
https://doi.org/10.1109/NOTERE.2010.5536814|NOTERE
https://doi.org/10.1109/NOTERE.2015.7293495|CFIP/NOTERE
https://doi.org/10.1109/NOTERE.2015.7293504|CFIP/NOTERE
https://doi.org/10.1109/NOTERE.2010.5536628|NOTERE
https://doi.org/10.1109/NOTERE.2010.5536569|NOTERE
https://doi.org/10.1109/NOTERE.2015.7293492|CFIP/NOTERE
https://doi.org/10.1109/NOTERE.2015.7293516|CFIP/NOTERE
https://doi.org/10.1145/1416729.1416740|NOTERE
https://doi.org/10.1109/NOTERE.2010.5536717|NOTERE
https://doi.org/10.1109/NOTERE.2010.5536586|NOTERE
https://doi.org/10.1109/NOTERE.2015.7293509|CFIP/NOTERE
https://doi.org/10.1109/NOTERE.2015.7293498|CFIP/NOTERE
https://doi.org/10.1109/NOTERE.2011.5957981|NOTERE
https://doi.org/10.1109/NOTERE.2010.5536839|NOTERE
https://doi.org/10.1109/NOTERE.2010.5536832|NOTERE
https://doi.org/10.1109/NOTERE.2015.7293493|CFIP/NOTERE
https://doi.org/10.1145/1416729.1416736|NOTERE
https://doi.org/10.1109/NOTERE.2016.7745829|NOTERE
https://doi.org/10.1145/1416729.1416783|NOTERE
https://doi.org/10.1145/1416729.1416770|NOTERE
https://doi.org/10.1145/1416729.1416735|NOTERE
https://doi.org/10.1145/1416729.1416775|NOTERE
https://doi.org/10.1145/1416729.1416752|NOTERE
https://doi.org/10.1145/1416729.1416778|NOTERE
http://editions-rnti.fr/?inprocid=1001873|CFIP/NOTERE (Sélection)
https://doi.org/10.1145/1416729.1416763|NOTERE
https://doi.org/10.1109/NOTERE.2010.5536748|NOTERE
https://doi.org/10.1109/NOTERE.2015.7293486|CFIP/NOTERE
https://doi.org/10.1145/1416729.1416753|NOTERE
https://doi.org/10.1109/NOTERE.2010.5536798|NOTERE
https://doi.org/10.1109/NOTERE.2015.7293512|CFIP/NOTERE
https://doi.org/10.1145/1416729.1416737|NOTERE
https://doi.org/10.1145/1416729.1416731|NOTERE
https://doi.org/10.1145/1416729.1416732|NOTERE
https://doi.org/10.1109/NOTERE.2015.7293482|CFIP/NOTERE
https://doi.org/10.1109/NOTERE.2010.5536559|NOTERE
https://doi.org/10.1109/NOTERE.2016.7745822|NOTERE
https://doi.org/10.1109/NOTERE.2015.7293513|CFIP/NOTERE
https://doi.org/10.1109/NOTERE.2010.5536560|NOTERE
https://doi.org/10.1109/NOTERE.2015.7293491|CFIP/NOTERE
https://doi.org/10.1109/NOTERE.2015.7293515|CFIP/NOTERE
https://doi.org/10.1145/1416729.1416754|NOTERE
https://doi.org/10.1109/NOTERE.2010.5536568|NOTERE
https://doi.org/10.1109/NOTERE.2016.7745824|NOTERE
https://doi.org/10.1109/NOTERE.2011.5957989|NOTERE
https://doi.org/10.1145/1416729.1416793|NOTERE
http://editions-rnti.fr/?inprocid=1001869|CFIP/NOTERE (Sélection)
https://doi.org/10.1109/NOTERE.2010.5536782|NOTERE
https://doi.org/10.1109/NOTERE.2016.7745827|NOTERE
https://doi.org/10.1109/NOTERE.2015.7293517|CFIP/NOTERE
https://doi.org/10.1109/NOTERE.2010.5536655|NOTERE
https://doi.org/10.1109/NOTERE.2011.5957982|NOTERE
https://doi.org/10.1109/NOTERE.2011.5957990|NOTERE
https://doi.org/10.1109/NOTERE.2015.7293494|CFIP/NOTERE
https://doi.org/10.1109/NOTERE.2015.7293474|CFIP/NOTERE
https://doi.org/10.1109/NOTERE.2015.7293490|CFIP/NOTERE
https://doi.org/10.1109/NOTERE.2010.5536765|NOTERE
https://doi.org/10.1109/NOTERE.2011.5957974|NOTERE
https://doi.org/10.1109/NOTERE.2011.5957975|NOTERE
https://doi.org/10.1109/NOTERE.2015.7293514|CFIP/NOTERE
https://doi.org/10.1109/NOTERE.2015.7293487|CFIP/NOTERE
https://doi.org/10.1109/NOTERE.2010.5536622|NOTERE
http://editions-rnti.fr/?inprocid=1001872|CFIP/NOTERE (Sélection)
https://doi.org/10.1145/1416729.1416768|NOTERE
https://doi.org/10.1109/NOTERE.2015.7293480|CFIP/NOTERE
https://doi.org/10.1145/1416729.1416756|NOTERE
https://doi.org/10.1109/NOTERE.2011.5957994|NOTERE
https://doi.org/10.1109/NOTERE.2015.7293485|CFIP/NOTERE
https://doi.org/10.1109/NOTERE.2015.7293476|CFIP/NOTERE
https://doi.org/10.1109/NOTERE.2010.5536585|NOTERE
https://doi.org/10.1109/NOTERE.2011.5957976|NOTERE
https://doi.org/10.1109/NOTERE.2010.5536749|NOTERE
https://doi.org/10.1145/1416729.1416785|NOTERE
https://doi.org/10.1109/NOTERE.2010.5536734|NOTERE
https://doi.org/10.1109/NOTERE.2015.7293473|CFIP/NOTERE
https://doi.org/10.1109/NOTERE.2011.5957979|NOTERE
https://doi.org/10.1109/NOTERE.2010.5536621|NOTERE
https://doi.org/10.1109/NOTERE.2015.7293479|CFIP/NOTERE
https://doi.org/10.1145/1416729.1416792|NOTERE
https://doi.org/10.1145/1416729.1416789|NOTERE
https://doi.org/10.1145/1416729.1416791|NOTERE
https://doi.org/10.1109/NOTERE.2015.7293510|CFIP/NOTERE
https://doi.org/10.1109/NOTERE.2015.7293483|CFIP/NOTERE
https://doi.org/10.1109/NOTERE.2015.7293484|CFIP/NOTERE
https://doi.org/10.1145/1416729.1416781|NOTERE
https://doi.org/10.1109/NOTERE.2010.5536718|NOTERE
https://doi.org/10.1109/NOTERE.2015.7293506|CFIP/NOTERE
https://doi.org/10.1109/NOTERE.2015.7293477|CFIP/NOTERE
https://doi.org/10.1109/NOTERE.2016.7745823|NOTERE
https://doi.org/10.1109/NOTERE.2015.7293505|CFIP/NOTERE
https://doi.org/10.1145/1416729.1416771|NOTERE
https://doi.org/10.1109/NOTERE.2010.5536645|NOTERE
https://doi.org/10.1109/NOTERE.2015.7293489|CFIP/NOTERE
https://doi.org/10.1145/1416729.1416761|NOTERE
http://editions-rnti.fr/?inprocid=1001874|CFIP/NOTERE (Sélection)
https://doi.org/10.1109/NOTERE.2010.5536838|NOTERE
https://doi.org/10.1109/NOTERE.2016.7745828|NOTERE
https://doi.org/10.1145/1416729.1416741|NOTERE
https://doi.org/10.1109/NOTERE.2015.7293488|CFIP/NOTERE
https://doi.org/10.1109/NOTERE.2010.5536629|NOTERE
https://doi.org/10.1145/1416729.1416777|NOTERE
https://doi.org/10.1109/NOTERE.2010.5536654|NOTERE
https://doi.org/10.1109/NOTERE.2015.7293497|CFIP/NOTERE
https://doi.org/10.1109/NOTERE.2010.5536677|NOTERE
https://doi.org/10.1145/1416729.1416767|NOTERE
https://doi.org/10.1145/1416729.1416745|NOTERE
https://doi.org/10.1109/NOTERE.2010.5536831|NOTERE
https://doi.org/10.1109/NOTERE.2011.5957973|NOTERE
https://doi.org/10.1109/NOTERE.2015.7293501|CFIP/NOTERE
https://doi.org/10.1145/1416729.1416773|NOTERE
https://doi.org/10.1109/NOTERE.2010.5536603|NOTERE
https://doi.org/10.1145/1416729.1416788|NOTERE
https://doi.org/10.1145/1416729.1416758|NOTERE
https://doi.org/10.1109/NOTERE.2015.7293499|CFIP/NOTERE
https://doi.org/10.1145/1416729.1416757|NOTERE
https://doi.org/10.1145/1416729.1416747|NOTERE
https://doi.org/10.1145/1416729.1416748|NOTERE
https://doi.org/10.1145/1416729.1416780|NOTERE
https://doi.org/10.1145/1416729.1416776|NOTERE
https://doi.org/10.1145/1416729.1416751|NOTERE
https://doi.org/10.1109/NOTERE.2015.7293496|CFIP/NOTERE
https://doi.org/10.1145/1416729.1416766|NOTERE
https://doi.org/10.1109/NOTERE.2010.5536815|NOTERE
https://doi.org/10.1109/NOTERE.2011.5957983|NOTERE
https://doi.org/10.1109/NOTERE.2011.5957980|NOTERE
https://doi.org/10.1109/NOTERE.2011.5957993|NOTERE
https://doi.org/10.1109/NOTERE.2011.5957996|NOTERE
https://doi.org/10.1109/NOTERE.2010.5536694|NOTERE
https://doi.org/10.1109/NOTERE.2016.7745831|NOTERE
http://editions-rnti.fr/?inprocid=1001870|CFIP/NOTERE (Sélection)
https://doi.org/10.1109/NOTERE.2011.5957977|NOTERE
https://doi.org/10.1109/NOTERE.2015.7293451|CFIP/NOTERE
https://doi.org/10.1109/NOTERE.2010.5536735|NOTERE
https://doi.org/10.1109/NOTERE.2011.5957972|NOTERE
https://doi.org/10.1109/NOTERE.2010.5536852|NOTERE
https://doi.org/10.1109/NOTERE.2015.7293481|CFIP/NOTERE
https://doi.org/10.1109/NOTERE.2015.7293452|CFIP/NOTERE
https://doi.org/10.1109/NOTERE.2016.7745825|NOTERE
Broadcast in wireless mobile sensor networks with population protocols and extension with the rendezvous model._2010|NOTERE
https://doi.org/10.1145/1416729.1416743|NOTERE
https://doi.org/10.1109/NOTERE.2015.7293500|CFIP/NOTERE
https://doi.org/10.1109/NOTERE.2015.7293475|CFIP/NOTERE
https://doi.org/10.1145/1416729.1416772|NOTERE
https://doi.org/10.1145/1416729.1416787|NOTERE
https://doi.org/10.1109/NOTERE.2016.7745826|NOTERE
https://doi.org/10.1145/1416729.1416764|NOTERE
https://doi.org/10.1109/NOTERE.2010.5536781|NOTERE
https://doi.org/10.1109/NOTERE.2011.5957992|NOTERE
https://doi.org/10.1109/NOTERE.2010.5536799|NOTERE
https://doi.org/10.1145/1416729.1416738|NOTERE
https://doi.org/10.1145/1416729.1416762|NOTERE
https://doi.org/10.1145/1416729.1416749|NOTERE
https://doi.org/10.1109/NOTERE.2010.5536764|NOTERE
https://doi.org/10.1145/1416729.1416733|NOTERE
https://doi.org/10.1109/NOTERE.2010.5536646|NOTERE
https://doi.org/10.1109/NOTERE.2011.5957978|NOTERE
https://doi.org/10.1109/NOTERE.2015.7293502|CFIP/NOTERE
https://doi.org/10.1109/NOTERE.2010.5536853|NOTERE
https://doi.org/10.1109/NOTERE.2015.7293478|CFIP/NOTERE
https://doi.org/10.1109/NOTERE.2015.7293507|CFIP/NOTERE
https://doi.org/10.1109/NOTERE.2010.5536604|NOTERE
https://doi.org/10.1109/NOTERE.2011.5957991|NOTERE
https://doi.org/10.1109/NOTERE.2010.5536543|NOTERE
https://doi.org/10.1109/NOTERE.2015.7293450|CFIP/NOTERE
http://editions-rnti.fr/?inprocid=1001875|CFIP/NOTERE (Sélection)
https://doi.org/10.1145/1416729.1416784|NOTERE
https://doi.org/10.1109/NOTERE.2015.7293503|CFIP/NOTERE
https://doi.org/10.1109/NOTERE.2016.7745830|NOTERE
http://editions-rnti.fr/?inprocid=1001871|CFIP/NOTERE (Sélection)
https://doi.org/10.1109/NOTERE.2015.7293508|CFIP/NOTERE
https://doi.org/10.1109/NOTERE.2015.7293511|CFIP/NOTERE
https://doi.org/10.1145/1416729.1416742|NOTERE
https://doi.org/10.1145/1416729.1416759|NOTERE
https://doi.org/10.1109/NOTERE.2011.5957971|NOTERE
https://doi.org/10.1145/1416729.1416746|NOTERE
https://doi.org/10.1145/3411170.3411231|GOODTECHS
https://doi.org/10.1145/3411170.3411272|GOODTECHS
https://doi.org/10.1145/3411170.3411258|GOODTECHS
https://doi.org/10.1007/978-3-319-76111-4_4|GOODTECHS
https://doi.org/10.1007/978-3-319-76111-4_35|GOODTECHS
https://doi.org/10.1007/978-3-319-76111-4_19|GOODTECHS
https://doi.org/10.1145/3411170.3411241|GOODTECHS
https://doi.org/10.1145/3411170.3411239|GOODTECHS
https://doi.org/10.1007/978-3-319-76111-4_8|GOODTECHS
https://doi.org/10.1145/3342428.3342664|GOODTECHS
https://doi.org/10.1007/978-3-319-61949-1_27|GOODTECHS
https://doi.org/10.1145/3284869.3284910|GOODTECHS
https://doi.org/10.1007/978-3-319-61949-1_38|GOODTECHS
https://doi.org/10.1145/3411170.3411247|GOODTECHS
https://doi.org/10.1145/3284869.3284873|GOODTECHS
https://doi.org/10.1145/3284869.3284878|GOODTECHS
https://doi.org/10.1145/3342428.3342685|GOODTECHS
https://doi.org/10.1145/3284869.3284920|GOODTECHS
https://doi.org/10.1145/3411170.3411232|GOODTECHS
https://doi.org/10.1145/3342428.3342702|GOODTECHS
https://doi.org/10.1145/3284869.3284912|GOODTECHS
https://doi.org/10.1145/3342428.3342693|GOODTECHS
https://doi.org/10.1145/3411170.3411255|GOODTECHS
https://doi.org/10.1007/978-3-319-61949-1_23|GOODTECHS
https://doi.org/10.1145/3284869.3284877|GOODTECHS
https://doi.org/10.1145/3342428.3342653|GOODTECHS
https://doi.org/10.1007/978-3-319-61949-1_20|GOODTECHS
https://doi.org/10.1145/3411170.3411225|GOODTECHS
https://doi.org/10.1007/978-3-319-76111-4_32|GOODTECHS
https://doi.org/10.1145/3342428.3342654|GOODTECHS
https://doi.org/10.1007/978-3-319-61949-1_24|GOODTECHS
https://doi.org/10.1007/978-3-319-76111-4_12|GOODTECHS
https://doi.org/10.1145/3411170.3411256|GOODTECHS
https://doi.org/10.1007/978-3-319-61949-1_32|GOODTECHS
https://doi.org/10.1007/978-3-319-76111-4_2|GOODTECHS
https://doi.org/10.1145/3284869.3284901|GOODTECHS
https://doi.org/10.1145/3284869.3284874|GOODTECHS
https://doi.org/10.1145/3284869.3284921|GOODTECHS
https://doi.org/10.1145/3284869.3284890|GOODTECHS
https://doi.org/10.1007/978-3-319-76111-4_36|GOODTECHS
https://doi.org/10.1007/978-3-319-76111-4_15|GOODTECHS
https://doi.org/10.1007/978-3-319-61949-1_30|GOODTECHS
https://doi.org/10.1145/3284869.3284908|GOODTECHS
https://doi.org/10.1007/978-3-319-76111-4_1|GOODTECHS
https://doi.org/10.1145/3342428.3342661|GOODTECHS
https://doi.org/10.1145/3411170.3411253|GOODTECHS
https://doi.org/10.1007/978-3-319-76111-4_24|GOODTECHS
https://doi.org/10.1007/978-3-319-76111-4_6|GOODTECHS
https://doi.org/10.1145/3342428.3343033|GOODTECHS
https://doi.org/10.1145/3411170.3411245|GOODTECHS
https://doi.org/10.1007/978-3-319-61949-1_12|GOODTECHS
https://doi.org/10.1007/978-3-319-61949-1_18|GOODTECHS
https://doi.org/10.1007/978-3-319-61949-1_33|GOODTECHS
https://doi.org/10.1007/978-3-319-61949-1_34|GOODTECHS
https://doi.org/10.1145/3342428.3342694|GOODTECHS
https://doi.org/10.1007/978-3-319-61949-1_10|GOODTECHS
https://doi.org/10.1145/3342428.3342678|GOODTECHS
https://doi.org/10.1145/3284869.3284872|GOODTECHS
https://doi.org/10.1145/3411170.3411263|GOODTECHS
https://doi.org/10.1007/978-3-319-76111-4_17|GOODTECHS
https://doi.org/10.1145/3284869.3284879|GOODTECHS
https://doi.org/10.1145/3284869.3284903|GOODTECHS
https://doi.org/10.1145/3342428.3342662|GOODTECHS
https://doi.org/10.1145/3342428.3343032|GOODTECHS
https://doi.org/10.1145/3284869.3284907|GOODTECHS
https://doi.org/10.1145/3284869.3284893|GOODTECHS
https://doi.org/10.1145/3342428.3342655|GOODTECHS
https://doi.org/10.1007/978-3-319-61949-1_6|GOODTECHS
https://doi.org/10.1007/978-3-319-61949-1_9|GOODTECHS
https://doi.org/10.1007/978-3-319-61949-1_31|GOODTECHS
https://doi.org/10.1145/3284869.3284898|GOODTECHS
https://doi.org/10.1145/3342428.3342652|GOODTECHS
https://doi.org/10.1007/978-3-319-76111-4_13|GOODTECHS
https://doi.org/10.1145/3284869.3284889|GOODTECHS
https://doi.org/10.1145/3411170.3411234|GOODTECHS
https://doi.org/10.1145/3411170.3411233|GOODTECHS
https://doi.org/10.1145/3342428.3342683|GOODTECHS
https://doi.org/10.1145/3342428.3342696|GOODTECHS
https://doi.org/10.1145/3284869.3284905|GOODTECHS
https://doi.org/10.1007/978-3-319-76111-4_16|GOODTECHS
https://doi.org/10.1145/3411170.3411227|GOODTECHS
https://doi.org/10.1145/3342428.3342688|GOODTECHS
https://doi.org/10.1145/3284869.3284931|GOODTECHS
https://doi.org/10.1145/3284869.3284914|GOODTECHS
https://doi.org/10.1145/3342428.3342659|GOODTECHS
https://doi.org/10.1007/978-3-319-61949-1_15|GOODTECHS
https://doi.org/10.1145/3411170.3411228|GOODTECHS
https://doi.org/10.1007/978-3-319-76111-4_21|GOODTECHS
https://doi.org/10.1145/3342428.3342660|GOODTECHS
https://doi.org/10.1145/3342428.3342698|GOODTECHS
https://doi.org/10.1145/3284869.3284870|GOODTECHS
https://doi.org/10.1145/3342428.3342657|GOODTECHS
https://doi.org/10.1007/978-3-319-61949-1_25|GOODTECHS
https://doi.org/10.1145/3342428.3342665|GOODTECHS
https://doi.org/10.1145/3284869.3284884|GOODTECHS
https://doi.org/10.1145/3284869.3284899|GOODTECHS
https://doi.org/10.1007/978-3-319-61949-1_7|GOODTECHS
https://doi.org/10.1007/978-3-319-76111-4_34|GOODTECHS
https://doi.org/10.1145/3411170.3411269|GOODTECHS
https://doi.org/10.1145/3342428.3342695|GOODTECHS
https://doi.org/10.1145/3342428.3342697|GOODTECHS
https://doi.org/10.1145/3411170.3411254|GOODTECHS
https://doi.org/10.1145/3284869.3284897|GOODTECHS
https://doi.org/10.1145/3284869.3284888|GOODTECHS
https://doi.org/10.1145/3342428.3342690|GOODTECHS
https://doi.org/10.1007/978-3-319-61949-1_22|GOODTECHS
https://doi.org/10.1145/3284869.3284881|GOODTECHS
https://doi.org/10.1007/978-3-319-76111-4_30|GOODTECHS
https://doi.org/10.1007/978-3-319-61949-1_14|GOODTECHS
https://doi.org/10.1145/3342428.3342677|GOODTECHS
https://doi.org/10.1145/3411170.3411274|GOODTECHS
https://doi.org/10.1007/978-3-319-61949-1_26|GOODTECHS
https://doi.org/10.1145/3284869.3284896|GOODTECHS
https://doi.org/10.1145/3342428.3342689|GOODTECHS
https://doi.org/10.1145/3411170.3411248|GOODTECHS
https://doi.org/10.1145/3411170.3411264|GOODTECHS
https://doi.org/10.1145/3342428.3342682|GOODTECHS
https://doi.org/10.1145/3411170.3411266|GOODTECHS
https://doi.org/10.1007/978-3-319-61949-1_28|GOODTECHS
https://doi.org/10.1007/978-3-319-76111-4_27|GOODTECHS
https://doi.org/10.1145/3342428.3342676|GOODTECHS
https://doi.org/10.1145/3284869.3284885|GOODTECHS
https://doi.org/10.1007/978-3-319-76111-4_9|GOODTECHS
https://doi.org/10.1145/3342428.3342701|GOODTECHS
https://doi.org/10.1145/3342428.3342692|GOODTECHS
https://doi.org/10.1145/3342428.3343034|GOODTECHS
https://doi.org/10.1007/978-3-319-61949-1_11|GOODTECHS
https://doi.org/10.1007/978-3-319-76111-4_14|GOODTECHS
https://doi.org/10.1145/3411170.3411262|GOODTECHS
https://doi.org/10.1007/978-3-319-76111-4_26|GOODTECHS
https://doi.org/10.1145/3284869.3284871|GOODTECHS
https://doi.org/10.1007/978-3-319-61949-1_17|GOODTECHS
https://doi.org/10.1145/3342428.3342681|GOODTECHS
https://doi.org/10.1145/3411170.3411244|GOODTECHS
https://doi.org/10.1145/3411170.3411242|GOODTECHS
https://doi.org/10.1145/3342428.3342669|GOODTECHS
https://doi.org/10.1145/3342428.3342670|GOODTECHS
https://doi.org/10.1145/3411170.3411259|GOODTECHS
https://doi.org/10.1007/978-3-319-76111-4_29|GOODTECHS
https://doi.org/10.1007/978-3-319-61949-1_3|GOODTECHS
https://doi.org/10.1145/3342428.3342691|GOODTECHS
https://doi.org/10.1007/978-3-319-76111-4_25|GOODTECHS
https://doi.org/10.1145/3411170.3411268|GOODTECHS
https://doi.org/10.1007/978-3-319-76111-4_20|GOODTECHS
https://doi.org/10.1145/3284869.3284880|GOODTECHS
https://doi.org/10.1145/3342428.3342684|GOODTECHS
https://doi.org/10.1145/3284869.3284904|GOODTECHS
https://doi.org/10.1145/3284869.3284919|GOODTECHS
https://doi.org/10.1145/3411170.3411229|GOODTECHS
https://doi.org/10.1145/3411170.3411273|GOODTECHS
https://doi.org/10.1145/3284869.3284917|GOODTECHS
https://doi.org/10.1145/3411170.3411260|GOODTECHS
https://doi.org/10.1145/3411170.3411265|GOODTECHS
https://doi.org/10.1145/3411170.3411240|GOODTECHS
https://doi.org/10.1145/3284869.3284916|GOODTECHS
https://doi.org/10.1145/3342428.3342673|GOODTECHS
https://doi.org/10.1145/3411170.3411270|GOODTECHS
https://doi.org/10.1145/3284869.3284923|GOODTECHS
https://doi.org/10.1145/3284869.3284906|GOODTECHS
https://doi.org/10.1007/978-3-319-76111-4_31|GOODTECHS
https://doi.org/10.1145/3284869.3284891|GOODTECHS
https://doi.org/10.1145/3411170.3411275|GOODTECHS
https://doi.org/10.1007/978-3-319-76111-4_11|GOODTECHS
https://doi.org/10.1145/3411170.3411249|GOODTECHS
https://doi.org/10.1145/3342428.3342672|GOODTECHS
https://doi.org/10.1145/3411170.3411237|GOODTECHS
https://doi.org/10.1145/3411170.3411246|GOODTECHS
https://doi.org/10.1145/3284869.3284894|GOODTECHS
https://doi.org/10.1007/978-3-319-76111-4_7|GOODTECHS
https://doi.org/10.1007/978-3-319-76111-4_10|GOODTECHS
https://doi.org/10.1145/3411170.3411226|GOODTECHS
https://doi.org/10.1007/978-3-319-61949-1_19|GOODTECHS
https://doi.org/10.1145/3284869.3284875|GOODTECHS
https://doi.org/10.1007/978-3-319-76111-4_33|GOODTECHS
https://doi.org/10.1145/3342428.3342674|GOODTECHS
https://doi.org/10.1145/3411170.3411230|GOODTECHS
https://doi.org/10.1145/3411170.3411257|GOODTECHS
https://doi.org/10.1007/978-3-319-61949-1_8|GOODTECHS
https://doi.org/10.1007/978-3-319-76111-4_5|GOODTECHS
https://doi.org/10.1145/3342428.3342656|GOODTECHS
https://doi.org/10.1145/3411170.3411235|GOODTECHS
https://doi.org/10.1007/978-3-319-76111-4_23|GOODTECHS
https://doi.org/10.1007/978-3-319-61949-1_35|GOODTECHS
https://doi.org/10.1145/3342428.3342671|GOODTECHS
https://doi.org/10.1145/3284869.3284929|GOODTECHS
https://doi.org/10.1007/978-3-319-61949-1_1|GOODTECHS
https://doi.org/10.1145/3284869.3284892|GOODTECHS
https://doi.org/10.1007/978-3-319-76111-4_18|GOODTECHS
https://doi.org/10.1145/3284869.3284882|GOODTECHS
https://doi.org/10.1007/978-3-319-76111-4_37|GOODTECHS
https://doi.org/10.1007/978-3-319-61949-1_2|GOODTECHS
https://doi.org/10.1145/3284869.3284900|GOODTECHS
https://doi.org/10.1145/3342428.3343035|GOODTECHS
https://doi.org/10.1145/3284869.3284895|GOODTECHS
https://doi.org/10.1145/3284869.3284886|GOODTECHS
https://doi.org/10.1007/978-3-319-76111-4_38|GOODTECHS
https://doi.org/10.1007/978-3-319-61949-1_21|GOODTECHS
https://doi.org/10.1145/3342428.3342667|GOODTECHS
https://doi.org/10.1145/3284869.3284930|GOODTECHS
https://doi.org/10.1145/3342428.3342658|GOODTECHS
https://doi.org/10.1145/3411170.3411171|GOODTECHS
https://doi.org/10.1145/3284869.3284913|GOODTECHS
https://doi.org/10.1145/3284869.3284902|GOODTECHS
https://doi.org/10.1145/3342428.3342687|GOODTECHS
https://doi.org/10.1145/3284869.3284887|GOODTECHS
https://doi.org/10.1007/978-3-319-61949-1_5|GOODTECHS
https://doi.org/10.1007/978-3-319-61949-1_37|GOODTECHS
https://doi.org/10.1145/3284869.3284883|GOODTECHS
https://doi.org/10.1007/978-3-319-76111-4_22|GOODTECHS
https://doi.org/10.1145/3411170.3411238|GOODTECHS
https://doi.org/10.1007/978-3-319-61949-1_29|GOODTECHS
https://doi.org/10.1145/3411170.3411267|GOODTECHS
https://doi.org/10.1145/3411170.3411261|GOODTECHS
https://doi.org/10.1145/3342428.3342668|GOODTECHS
https://doi.org/10.1007/978-3-319-61949-1_13|GOODTECHS
https://doi.org/10.1145/3342428.3342666|GOODTECHS
https://doi.org/10.1145/3411170.3411236|GOODTECHS
https://doi.org/10.1145/3284869.3284928|GOODTECHS
https://doi.org/10.1007/978-3-319-61949-1_4|GOODTECHS
https://doi.org/10.1145/3284869.3284876|GOODTECHS
https://doi.org/10.1145/3411170.3411271|GOODTECHS
https://doi.org/10.1145/3284869.3284918|GOODTECHS
https://doi.org/10.1145/3411170.3411243|GOODTECHS
https://doi.org/10.1007/978-3-319-61949-1_16|GOODTECHS
https://doi.org/10.1007/978-3-319-76111-4_3|GOODTECHS
https://doi.org/10.1007/978-3-319-61949-1_36|GOODTECHS
https://doi.org/10.1145/3284869.3284915|GOODTECHS
https://doi.org/10.1145/3411170.3411250|GOODTECHS
https://doi.org/10.1145/3284869.3284927|GOODTECHS
https://doi.org/10.1145/3411170.3411252|GOODTECHS
https://doi.org/10.1007/978-3-319-76111-4_28|GOODTECHS
https://doi.org/10.1145/3342428.3342679|GOODTECHS
https://doi.org/10.1145/3411170.3411251|GOODTECHS
https://doi.org/10.1109/AGILE.2009.52|AGILE
https://doi.org/10.1109/Agile.2008.44|AGILE
https://doi.org/10.1109/Agile.2008.51|AGILE
https://doi.org/10.1109/AGILE.2009.51|AGILE
https://doi.org/10.1109/ADC.2003.1231447|Agile Development Conference
https://doi.org/10.1109/AGILE.2011.48|AGILE
https://doi.org/10.1109/ADC.2005.46|AGILE
https://doi.org/10.1109/ADC.2005.2|AGILE
https://doi.org/10.1109/Agile.2012.7|AGILE
https://doi.org/10.1109/AGILE.2006.39|AGILE
https://doi.org/10.1109/Agile.2008.95|AGILE
https://doi.org/10.1109/AGILE.2006.48|AGILE
https://doi.org/10.1109/Agile.2012.13|AGILE
https://doi.org/10.1109/AGILE.2007.60|AGILE
