keyword;pubID
Agent-Based;https://doi.org/10.1007/978-1-4614-8806-4_61
Agent-Based;https://doi.org/10.1109/COOPIS.1997.613814
Agent-Based;https://doi.org/10.1007/b94069
Agent-Based;https://doi.org/10.1007/b95170
Agent-Based;https://doi.org/10.1007/978-3-030-98816-6
Agent-Based;http://studia.complexica.net/index.php?option=com_content&view=article&id=74
Agents;https://doi.org/10.1007/978-1-4614-8806-4_29
Agents;https://doi.org/10.1007/3-540-44751-2_9
Agents;Learning Agents for Cooperative Hyperinformation Systems._1993
Agents;https://doi.org/10.1007/3-540-36124-3_9
Agents;https://doi.org/10.1109/COOPIS.1999.792146
Agents;https://doi.org/10.1007/10722620_14
Agents;https://doi.org/10.1007/978-3-540-39964-3_10
Agents;https://doi.org/10.1109/COOPIS.1998.706190
Agents;https://doi.org/10.1007/978-3-540-30468-5_25
Agents;https://doi.org/10.1007/978-3-540-30468-5_18
Agents;https://doi.org/10.1109/COOPIS.1997.613802
Agents;https://doi.org/10.1007/BFb0017806
Agents;https://doi.org/10.1007/978-3-642-22580-2
Agents;https://doi.org/10.1007/978-3-658-27742-0
Agents;https://doi.org/10.1007/3-540-44600-1
Ambiguity;https://doi.org/10.1007/BFb0021059
architecture;https://d-nb.info/870741942
architecture;https://d-nb.info/98882356X
architecture;https://doi.org/10.1109/NOTERE.2015.7293516
architecture;https://doi.org/10.1145/1416729.1416770
architecture;http://editions-rnti.fr/?inprocid=1001873
architecture;https://doi.org/10.1109/NOTERE.2010.5536585
architecture;https://doi.org/10.1145/1416729.1416771
architecture;https://doi.org/10.1109/NOTERE.2015.7293481
architecture;https://doi.org/10.1145/1416729.1416742
Architectures;https://doi.org/10.1007/978-3-662-43505-2_36
Architectures;https://doi.org/10.1007/978-0-387-39940-9_625
Architectures;https://doi.org/10.1007/3-540-10274-4
Architectures;https://doi.org/10.1007/978-981-10-6238-4
Architectures;https://doi.org/10.1007/978-3-030-85836-0
Architectures;https://doi.org/10.1007/978-3-662-10876-5
Architectures;https://doi.org/10.1007/978-3-642-55049-2
Architectures;https://doi.org/10.1007/978-3-030-36899-9
Architectures;https://doi.org/10.1007/3-540-60580-0
Architectures;https://doi.org/10.1007/978-3-658-12742-8
Assessment;https://doi.org/10.1007/978-3-319-76111-4_7
Assessment;https://doi.org/10.1007/b137376
Assessment;https://doi.org/10.1007/978-3-658-15971-9
Assessment;https://doi.org/10.1007/978-3-658-12415-1
Assessment;https://doi.org/10.1007/978-981-15-7764-2
Assessment;https://doi.org/10.1007/978-3-662-62308-4_4
Assessment;https://doi.org/10.1007/978-3-662-56266-6_6
authentication;https://doi.org/10.1109/NOTERE.2016.7745824
authentication;https://doi.org/10.1109/NOTERE.2016.7745828
authentication;https://doi.org/10.1109/NOTERE.2015.7293497
authentication;https://doi.org/10.1504/IJTMCC.2014.063273
authentication;https://doi.org/10.1504/IJTMCC.2018.095609
authentication;https://doi.org/10.1504/IJTMCC.2014.067304
Bayesian;https://doi.org/10.1007/978-0-387-39940-9_556
Bayesian;https://doi.org/10.1145/3411170.3411243
Bayesian;https://doi.org/10.1007/978-1-4757-4286-2
Bayesian;https://doi.org/10.1007/978-3-658-32594-7
Bayesian;https://doi.org/10.1007/978-3-662-62386-2_6
Biometric;https://doi.org/10.1007/978-3-662-45947-8_5
classification;https://doi.org/10.1145/1416729.1416741
classification;https://doi.org/10.1145/3284869.3284930
classification;https://doi.org/10.1016/j.eswax.2019.100001
Client;https://doi.org/10.1007/978-3-540-39964-3_75
Client;https://doi.org/10.1109/COOPIS.1998.706198
Client;https://doi.org/10.1007/978-3-319-55483-9
cluster;https://doi.org/10.1109/NOTERE.2010.5536798
Complexity;https://doi.org/10.1007/978-1-4614-8265-9_1244
Complexity;https://doi.org/10.1007/978-0-387-39940-9_1244
Complexity;https://doi.org/10.1007/3-540-45303-2
Complexity;https://doi.org/10.1007/3-540-28520-2
Complexity;https://doi.org/10.1007/978-1-4612-0333-9
Complexity;https://doi.org/10.1007/978-3-540-38885-2
Complexity;https://doi.org/10.1007/3-540-44545-5
Complexity;https://doi.org/10.1007/3-540-60580-0
Complexity;https://doi.org/10.1007/978-3-662-53416-8_3
Consistency;https://doi.org/10.1007/978-1-4614-8265-9_78
Consistency;https://doi.org/10.1145/1416729.1416788
Consistency;https://doi.org/10.1007/978-3-662-55947-5_3
Content-Based;https://doi.org/10.1007/978-1-4899-7637-6_4
Content-Based;https://doi.org/10.1007/978-1-4614-8265-9_295
Content-Based;https://doi.org/10.1007/978-1-4614-8265-9_1027
Content-Based;https://doi.org/10.1007/978-0-387-39940-9_1210
Content-Based;https://doi.org/10.1007/978-1-4614-8265-9_1210
Content-Based;https://doi.org/10.1007/978-3-540-30468-5_24
Content-Based;https://doi.org/10.1007/3-540-44751-2_17
Content-Based;https://doi.org/10.1007/978-3-540-30469-2_44
Content-Based;https://doi.org/10.1007/978-981-10-6759-4
Continuous;https://tel.archives-ouvertes.fr/tel-01468781
Continuous;https://doi.org/10.1007/978-0-387-39940-9_1465
Continuous;https://doi.org/10.1007/978-1-4614-8265-9_1465
Continuous;https://doi.org/10.1007/978-1-4614-8265-9_84
Continuous;https://doi.org/10.1007/978-3-031-17834-4_5
Continuous;https://doi.org/10.1007/978-3-658-06518-8
Continuous;https://doi.org/10.1007/978-3-030-54738-7
Continuous;https://doi.org/10.1007/978-1-4842-2716-9
Continuous;https://doi.org/10.1007/978-3-662-46485-4_4
Continuous;https://doi.org/10.1007/978-3-662-47804-2_5
Continuous;https://doi.org/10.1007/978-3-662-58664-8_2
Continuous;http://studia.complexica.net/index.php?option=com_content&view=article&id=83
control;https://doi.org/10.1504/IJTMCC.2013.053278
Data;https://nbn-resolving.org/urn:nbn:de:gbv:7-11858/00-1735-0000-002E-E446-7-5
Data;https://doi.org/10.1007/978-1-4939-2092-1_45
Data;https://doi.org/10.1007/978-3-319-98161-1_10
Data;https://doi.org/10.1007/978-1-4939-2092-1_43
Data;https://doi.org/10.1007/978-3-319-95504-9_12
Data;https://doi.org/10.1007/978-1-4939-2092-1_37
Data;https://doi.org/10.1007/978-1-4939-2092-1_32
Data;https://doi.org/10.1007/978-1-4939-2092-1_23
Data;https://doi.org/10.1007/978-1-4939-2092-1_28
Data;https://doi.org/10.1007/978-1-4939-2092-1_21
Data;https://doi.org/10.1007/978-1-4939-2092-1_31
Data;https://doi.org/10.1007/978-1-4939-2092-1_7
Data;https://doi.org/10.1007/978-1-4939-2092-1_6
Data;https://doi.org/10.1007/978-1-4939-2092-1_24
Data;https://doi.org/10.1007/978-3-319-95504-9_28
Data;https://doi.org/10.1007/978-3-319-95504-9_1
Data;https://doi.org/10.1007/978-3-319-98161-1_11
Data;https://doi.org/10.1007/978-1-4939-2092-1_14
Data;https://doi.org/10.1007/978-1-4939-2092-1_41
Data;https://doi.org/10.1007/978-1-4939-2092-1_40
Data;https://doi.org/10.1007/978-1-4939-2092-1_3
Data;https://doi.org/10.1007/978-1-4939-2092-1_5
Data;https://doi.org/10.1007/978-1-4939-2092-1_10
Data;https://doi.org/10.1007/978-1-4939-2092-1_38
Data;https://doi.org/10.1007/978-3-319-98161-1_5
Data;https://doi.org/10.1007/978-1-4614-8806-4_45
Data;https://doi.org/10.1007/978-3-319-98161-1_1
Data;https://doi.org/10.1007/978-1-4939-2092-1_4
Data;https://doi.org/10.1007/978-1-4939-2092-1_42
Data;https://doi.org/10.1007/978-1-4939-2092-1_1
Data;https://doi.org/10.1007/978-1-4899-7637-6_7
Data;https://doi.org/10.1007/978-3-319-07124-4_11
Data;https://doi.org/10.1007/978-3-319-95504-9_2
Data;https://doi.org/10.1007/978-1-4939-2092-1_16
Data;https://doi.org/10.1007/978-1-4614-8806-4_60
Data;https://doi.org/10.1007/978-3-319-95504-9_5
Data;https://doi.org/10.1007/978-1-4939-2092-1_33
Data;https://doi.org/10.1007/978-1-4939-0790-8_35
Data;https://doi.org/10.1007/978-1-4939-2092-1_30
Data;https://doi.org/10.1007/978-3-319-95504-9_22
Data;https://doi.org/10.1007/978-1-4939-0790-8_34
Data;https://doi.org/10.1007/978-1-4939-2092-1_34
Data;https://doi.org/10.1007/978-1-4939-2092-1_11
Data;https://doi.org/10.1007/978-3-319-95504-9_3
Data;https://doi.org/10.1007/978-1-4939-2092-1_15
Data;https://doi.org/10.1007/978-1-4939-2092-1_9
Data;https://doi.org/10.1007/978-3-319-95504-9_11
Data;https://doi.org/10.1007/978-1-4939-2092-1_17
Data;https://doi.org/10.1007/978-1-4939-2092-1_36
Data;https://doi.org/10.1007/978-1-4939-2092-1_35
Data;https://doi.org/10.1007/978-0-387-39940-9_96
Data;https://doi.org/10.1007/978-1-4614-8265-9_1497
Data;https://doi.org/10.1007/978-1-4614-8265-9_80742
Data;https://doi.org/10.1007/978-0-387-39940-9_92
Data;https://doi.org/10.1007/978-0-387-39940-9_98
Data;https://doi.org/10.1007/978-1-4614-8265-9_1156
Data;https://doi.org/10.1007/978-1-4614-8265-9_1298
Data;https://doi.org/10.1007/978-0-387-39940-9_5003
Data;https://doi.org/10.1007/978-0-387-39940-9_536
Data;https://doi.org/10.1007/978-0-387-39940-9_321
Data;https://doi.org/10.1007/978-0-387-39940-9_1039
Data;https://doi.org/10.1007/978-1-4614-8265-9_80654
Data;https://doi.org/10.1007/978-1-4614-8265-9_113
Data;https://doi.org/10.1007/978-0-387-39940-9_1159
Data;https://doi.org/10.1007/978-1-4614-8265-9_1384
Data;https://doi.org/10.1007/978-1-4614-8265-9_93
Data;https://doi.org/10.1007/978-1-4614-8265-9_80741
Data;https://doi.org/10.1007/978-0-387-39940-9_535
Data;https://doi.org/10.1007/978-0-387-39940-9_357
Data;https://doi.org/10.1007/978-1-4614-8265-9_200
Data;https://doi.org/10.1007/978-1-4614-8265-9_80739
Data;https://doi.org/10.1007/978-0-387-39940-9_1465
Data;https://doi.org/10.1007/978-1-4614-8265-9_160
Data;https://doi.org/10.1007/978-1-4614-8265-9_231
Data;https://doi.org/10.1007/978-1-4614-8265-9_80761
Data;https://doi.org/10.1007/978-0-387-39940-9_270
Data;https://doi.org/10.1007/978-1-4614-8265-9_112
Data;https://doi.org/10.1007/978-1-4614-8265-9_120
Data;https://doi.org/10.1007/978-1-4614-8265-9_1159
Data;https://doi.org/10.1007/978-0-387-39940-9_883
Data;https://doi.org/10.1007/978-0-387-39940-9_767
Data;https://doi.org/10.1007/978-1-4614-8265-9_533
Data;https://doi.org/10.1007/978-1-4614-8265-9_903
Data;https://doi.org/10.1007/978-0-387-39940-9_1233
Data;https://doi.org/10.1007/978-0-387-39940-9_246
Data;https://doi.org/10.1007/978-0-387-39940-9_118
Data;https://doi.org/10.1007/978-1-4614-8265-9_2354
Data;https://doi.org/10.1007/978-0-387-39940-9_1156
Data;https://doi.org/10.1007/978-1-4614-8265-9_1465
Data;https://doi.org/10.1007/978-1-4614-8265-9_80638
Data;https://doi.org/10.1007/978-0-387-39940-9_361
Data;https://doi.org/10.1007/978-0-387-39940-9_305
Data;https://doi.org/10.1007/978-1-4614-8265-9_631
Data;https://doi.org/10.1007/978-0-387-39940-9_625
Data;https://doi.org/10.1007/978-1-4614-8265-9_357
Data;https://doi.org/10.1007/978-0-387-39940-9_207
Data;https://doi.org/10.1007/978-0-387-39940-9_261
Data;https://doi.org/10.1007/978-1-4614-8265-9_5003
Data;https://doi.org/10.1007/978-1-4614-8265-9_221
Data;https://doi.org/10.1007/978-0-387-39940-9_108
Data;https://doi.org/10.1007/978-0-387-39940-9_1163
Data;https://doi.org/10.1007/978-1-4614-8265-9_393
Data;https://doi.org/10.1007/978-1-4614-8265-9_80666
Data;https://doi.org/10.1007/978-0-387-39940-9_1309
Data;https://doi.org/10.1007/978-1-4614-8265-9_549
Data;https://doi.org/10.1007/978-1-4614-8265-9_1305
Data;https://doi.org/10.1007/978-1-4614-8265-9_80667
Data;https://doi.org/10.1007/978-1-4614-8265-9_1163
Data;https://doi.org/10.1007/978-0-387-39940-9_627
Data;http://www.mitre.org/support/swee/rosenthal.html
Data;https://doi.org/10.1109/COOPIS.1997.613810
Data;https://doi.org/10.1007/978-3-540-39964-3_32
Data;https://doi.org/10.1007/10722620_27
Data;https://doi.org/10.1007/978-3-540-39964-3_39
Data;https://doi.org/10.1007/3-540-36124-3_44
Data;https://doi.org/10.1007/3-540-36124-3_9
Data;https://doi.org/10.1109/COOPIS.1999.792175
Data;https://doi.org/10.1007/3-540-36124-3_19
Data;https://doi.org/10.1109/COOPIS.1996.554998
Data;https://doi.org/10.1007/3-540-36124-3_28
Data;https://doi.org/10.1007/978-3-540-39964-3_68
Data;https://doi.org/10.1007/10722620_7
Data;https://doi.org/10.1007/3-540-44751-2_3
Data;https://doi.org/10.1007/3-540-36124-3_26
Data;https://doi.org/10.1109/COOPIS.1996.554997
Data;https://doi.org/10.1007/978-3-540-39964-3_23
Data;https://doi.org/10.1007/978-3-540-39964-3_73
Data;https://doi.org/10.1109/COOPIS.1999.792168
Data;https://doi.org/10.1007/978-3-031-17834-4_16
Data;https://doi.org/10.1109/COOPIS.1998.706196
Data;https://doi.org/10.1109/COOPIS.1998.706180
Data;https://doi.org/10.1007/978-3-031-17834-4_4
Data;https://doi.org/10.1007/978-3-540-30469-2_27
Data;https://doi.org/10.1007/978-3-540-30468-5_14
Data;https://doi.org/10.1109/COOPIS.1999.792148
Data;https://doi.org/10.1109/COOPIS.1996.555001
Data;https://doi.org/10.1007/3-540-36124-3_30
Data;https://doi.org/10.1007/978-3-031-17834-4_2
Data;https://doi.org/10.1007/10722620_13
Data;https://doi.org/10.1007/978-3-540-30468-5_22
Data;https://doi.org/10.1007/978-3-031-17834-4_5
Data;https://doi.org/10.1007/978-3-540-39964-3_48
Data;https://doi.org/10.1007/978-3-031-17834-4_6
Data;https://doi.org/10.1007/10722620_26
Data;https://doi.org/10.1007/978-3-031-17834-4_14
Data;https://doi.org/10.1109/NOTERE.2015.7293486
Data;https://doi.org/10.1145/1416729.1416785
Data;https://doi.org/10.1109/NOTERE.2015.7293499
Data;https://doi.org/10.1007/978-3-319-76111-4_35
Data;https://doi.org/10.1145/3284869.3284878
Data;https://doi.org/10.1007/978-3-319-61949-1_10
Data;https://doi.org/10.1145/3342428.3343032
Data;https://doi.org/10.1145/3284869.3284891
Data;https://doi.org/10.1007/978-3-319-61949-1_19
Data;https://doi.org/10.1007/978-3-319-61949-1_37
Data;https://doi.org/10.1007/s11280-007-0022-0
Data;https://doi.org/10.1007/978-3-319-98074-4
Data;https://doi.org/10.1007/978-3-319-47524-0
Data;https://doi.org/10.1007/978-3-319-98149-9
Data;https://doi.org/10.1007/978-3-319-25037-3
Data;https://doi.org/10.1007/978-1-4842-2866-1
Data;https://doi.org/10.1007/978-1-4471-6407-4
Data;https://doi.org/10.1007/3-540-56694-5
Data;https://doi.org/10.1007/978-981-16-9368-7
Data;https://doi.org/10.1007/978-3-030-28444-2
Data;https://doi.org/10.1007/978-3-319-77965-2
Data;https://doi.org/10.1007/978-981-15-5939-6
Data;https://doi.org/10.1007/978-1-4939-0392-4
Data;https://doi.org/10.1007/BFb0028319
Data;https://doi.org/10.1007/978-981-15-6133-7
Data;https://doi.org/10.1007/978-3-030-44613-0
Data;https://doi.org/10.1007/978-3-662-53291-1
Data;https://doi.org/10.1007/978-3-030-43506-6
Data;https://doi.org/10.1007/978-981-10-2543-3
Data;https://doi.org/10.1007/978-3-642-69897-2
Data;https://doi.org/10.1007/978-3-642-39323-5
Data;https://doi.org/10.1007/978-3-030-59706-1
Data;https://doi.org/10.1007/3-540-33173-5
Data;https://doi.org/10.1007/978-3-540-37882-2
Data;https://doi.org/10.1007/978-3-030-64155-9
Data;https://doi.org/10.1007/978-3-030-38339-8
Data;https://doi.org/10.1007/978-3-030-25209-0
Data;https://doi.org/10.1007/978-3-319-14142-8
Data;https://doi.org/10.1007/978-981-13-3209-8
Data;https://doi.org/10.1007/978-3-030-50061-0
Data;https://doi.org/10.1007/978-3-030-39105-8
Data;https://doi.org/10.1007/BFb0027185
Data;https://doi.org/10.1007/978-0-387-29489-6
Data;https://doi.org/10.1007/978-3-030-30225-2
Data;https://doi.org/10.1007/978-981-10-7763-0
Data;https://doi.org/10.1007/978-3-319-15726-9
Data;https://doi.org/10.1007/978-3-319-72347-1
Data;https://doi.org/10.1007/978-3-642-40255-5
Data;https://doi.org/10.1007/978-3-319-16074-0
Data;https://doi.org/10.1007/978-3-662-49851-4
Data;https://doi.org/10.1007/978-1-4614-1557-2
Data;https://doi.org/10.1007/978-3-658-35494-7
Data;https://doi.org/10.1007/b97475
Data;https://doi.org/10.1007/978-3-030-58896-0
Data;https://doi.org/10.1007/978-3-319-29206-9
Data;https://doi.org/10.1007/978-981-13-0263-3
Data;https://doi.org/10.1007/978-3-642-69032-7
Data;https://doi.org/10.1007/978-981-16-3750-6
Data;https://doi.org/10.1007/978-3-662-58384-5_5
Data;https://doi.org/10.1007/978-3-662-56121-8_1
Data;https://doi.org/10.1007/978-3-662-47804-2_6
Data;https://doi.org/10.1007/978-3-662-53416-8_9
Data;https://doi.org/10.1007/978-3-662-54054-1_2
Data;https://doi.org/10.1007/978-3-662-46335-2_1
Data;https://doi.org/10.1007/978-3-642-37574-3_8
Data;https://doi.org/10.1007/978-3-662-49175-1_2
Data;https://doi.org/10.1007/978-3-662-56121-8_3
Data;https://doi.org/10.1007/978-3-662-64553-6_5
Data;https://doi.org/10.1007/978-3-662-54037-4_4
Data;https://doi.org/10.1007/978-3-662-64553-6_1
Data;https://doi.org/10.1007/978-3-662-58415-6_1
Data;https://doi.org/10.1007/978-3-662-49784-5_4
Data;https://doi.org/10.1007/978-3-642-23074-5_7
Data;https://doi.org/10.1007/978-3-642-37574-3_5
Data;https://doi.org/10.1007/978-3-662-60531-8_3
Data;https://doi.org/10.1007/978-3-642-41221-9_4
Data;https://doi.org/10.1007/978-3-662-53416-8_6
Data;https://doi.org/10.1007/978-3-662-55696-2_3
Data;https://doi.org/10.1007/978-3-662-48567-5_3
Data;https://doi.org/10.1007/978-3-642-28148-8_3
Data;https://doi.org/10.1007/978-3-662-45761-0_3
Data;https://doi.org/10.1007/978-3-642-23074-5_5
Data;https://doi.org/10.1007/978-3-662-48567-5_6
Data;https://doi.org/10.1007/978-3-642-23074-5_3
Data;https://doi.org/10.1007/978-3-642-16175-9_1
Data;https://doi.org/10.1007/978-3-642-23740-9_8
Data;https://doi.org/10.1007/978-3-662-55608-5_5
Data;https://doi.org/10.1007/978-3-662-64148-4_4
Data;https://doi.org/10.1007/978-3-662-49534-6_1
Data;https://doi.org/10.1007/978-3-662-55696-2_1
Data;https://doi.org/10.1007/978-3-662-58664-8_2
Data;https://doi.org/10.1007/978-3-662-53416-8_4
Data;https://doi.org/10.1007/978-3-642-16175-9_3
Data;https://doi.org/10.1007/978-3-662-47804-2_1
Data;https://doi.org/10.1007/978-3-662-46335-2_2
Data;https://doi.org/10.1007/978-3-662-57932-9_3
Data;https://doi.org/10.1007/978-3-642-23074-5_2
Data;https://doi.org/10.1007/978-3-662-47804-2_7
Data;https://doi.org/10.1007/978-3-662-63519-3_4
Data;https://doi.org/10.1007/978-3-642-23074-5_4
Data;https://doi.org/10.1007/978-3-662-45714-6_1
Data;https://doi.org/10.1007/978-3-642-03722-1_13
Data;https://doi.org/10.1007/978-3-642-23740-9_3
Data;https://doi.org/10.1007/978-3-662-46562-2_4
Data;https://doi.org/10.1007/978-3-662-53455-7_3
Data;https://doi.org/10.1007/978-3-642-03722-1_4
Data;https://doi.org/10.1007/978-3-662-53416-8_8
Data;https://doi.org/10.1007/978-3-662-49214-7_7
Data;https://doi.org/10.1007/978-3-662-66146-8_2
Data;https://doi.org/10.1007/978-3-662-62308-4_7
Data;https://doi.org/10.1007/978-3-662-56121-8_2
Data;https://doi.org/10.1007/978-3-662-46703-9_3
Data;https://doi.org/10.1007/978-3-662-49214-7_3
Data;https://doi.org/10.1007/978-3-662-46562-2_1
Data;https://doi.org/10.1007/978-3-642-54426-2_6
Data;https://doi.org/10.1007/978-3-662-62919-2_7
Data;https://doi.org/10.1007/978-3-662-62919-2_5
Data;https://doi.org/10.1007/978-3-662-49214-7_4
Data;https://doi.org/10.1007/978-3-642-28148-8_8
Data;https://doi.org/10.1007/978-3-662-62199-8_4
Data;https://doi.org/10.1007/978-3-662-62308-4_1
Data;https://doi.org/10.1007/978-3-662-54173-9_2
Data;https://doi.org/10.1007/978-3-662-62308-4_6
Data;https://doi.org/10.1007/978-3-642-03722-1_3
Data;https://doi.org/10.1007/978-3-662-62386-2_1
Data;https://doi.org/10.1007/978-3-662-55696-2_4
Data;https://doi.org/10.1007/978-3-642-35332-1_1
Data;https://doi.org/10.1007/978-3-662-54054-1_5
Data;https://doi.org/10.1007/978-3-662-47804-2_3
Data;https://doi.org/10.1007/978-3-642-23740-9_7
Data;http://studia.complexica.net/index.php?option=com_content&view=article&id=62
Data;http://studia.complexica.net/index.php?option=com_content&view=article&id=250%3Acombining-the-power-of-data-mining-with-expert-system-for-efficiently-personalize-speech-therapy-pp-50-64
Data;http://studia.complexica.net/index.php?option=com_content&view=article&id=249%3Aexploratory-data-analysis-of-insulin-therapy-in-the-elderly-type-2-diabetic-patients-pp-32-49
Data;http://studia.complexica.net/index.php?option=com_content&view=article&id=104
database;https://doi.org/10.1504/IJTMCC.2016.10002816
DDoS;https://doi.org/10.1504/IJTMCC.2013.056424
Detection.;https://doi.org/10.1007/978-0-387-39940-9_1021
Detection.;https://doi.org/10.1007/978-1-4614-8265-9_80719
Detection.;https://doi.org/10.1145/3284869.3284903
Detection.;https://doi.org/10.1145/3342428.3342658
Detection.;https://doi.org/10.1007/978-3-662-62308-4_3
Detection.;https://doi.org/10.1007/978-3-662-54173-9_2
Detection.;https://doi.org/10.1007/978-3-662-46485-4_6
distributed;https://d-nb.info/870741942
distributed;https://doi.org/10.1109/NOTERE.2010.5536628
distributed;https://doi.org/10.1145/1416729.1416763
distributed;https://doi.org/10.1109/NOTERE.2015.7293486
distributed;https://doi.org/10.1145/1416729.1416793
distributed;https://doi.org/10.1109/NOTERE.2015.7293494
distributed;https://doi.org/10.1109/NOTERE.2010.5536585
distributed;https://doi.org/10.1109/NOTERE.2010.5536645
distributed;https://doi.org/10.1109/NOTERE.2010.5536815
distributed;https://doi.org/10.1109/NOTERE.2010.5536799
distributed;https://doi.org/10.1109/NOTERE.2010.5536646
distributed;https://doi.org/10.1145/1416729.1416759
distributed;https://doi.org/10.1145/3411170.3411230
domain;https://doi.org/10.1109/NOTERE.2010.5536629
domain;https://doi.org/10.1016/j.eswax.2020.100040
Dynamic;https://d-nb.info/969624166
Dynamic;https://doi.org/10.1007/978-3-319-95504-9_4
Dynamic;https://doi.org/10.1007/978-3-319-95504-9_12
Dynamic;https://doi.org/10.1007/978-3-319-95504-9_9
Dynamic;https://doi.org/10.1007/978-3-319-95504-9_21
Dynamic;https://doi.org/10.1007/978-3-319-95504-9_20
Dynamic;https://doi.org/10.1007/978-3-319-95504-9_28
Dynamic;https://doi.org/10.1007/978-3-319-95504-9_19
Dynamic;https://doi.org/10.1007/978-3-319-95504-9_1
Dynamic;https://doi.org/10.1007/978-3-319-95504-9_23
Dynamic;https://doi.org/10.1007/978-3-319-95504-9_2
Dynamic;https://doi.org/10.1007/978-3-319-95504-9_22
Dynamic;https://doi.org/10.1007/978-3-319-95504-9_26
Dynamic;https://doi.org/10.1007/978-3-319-95504-9_3
Dynamic;https://doi.org/10.1007/978-3-319-95504-9_10
Dynamic;https://doi.org/10.1007/978-3-319-95504-9_7
Dynamic;https://doi.org/10.1007/978-3-319-95504-9_31
Dynamic;https://doi.org/10.1007/978-3-540-30468-5_35
Dynamic;https://doi.org/10.1007/978-3-540-39964-3_76
Dynamic;https://doi.org/10.1007/978-3-540-39964-3_84
Dynamic;https://doi.org/10.1007/978-3-540-39964-3_28
Dynamic;https://doi.org/10.1007/978-3-540-30468-5_26
Dynamic;https://doi.org/10.1109/COOPIS.1996.555007
Dynamic;https://doi.org/10.1007/3-540-36124-3_79
Dynamic;https://doi.org/10.1007/978-3-540-39964-3_35
Dynamic;https://doi.org/10.1007/10722620_28
Dynamic;https://doi.org/10.1007/978-3-540-39964-3_82
Dynamic;https://doi.org/10.1007/978-3-540-39964-3_65
Dynamic;https://doi.org/10.1007/3-540-44751-2_19
Dynamic;https://doi.org/10.1007/978-3-540-30469-2_26
Dynamic;https://doi.org/10.1109/COOPIS.1998.706188
Dynamic;https://doi.org/10.1007/3-540-36124-3_54
Dynamic;https://doi.org/10.1007/978-3-540-30469-2_27
Dynamic;https://doi.org/10.1109/COOPIS.1996.554995
Dynamic;https://doi.org/10.1109/COOPIS.1998.706189
Dynamic;https://doi.org/10.1007/3-540-44751-2_32
Dynamic;https://doi.org/10.1007/3-540-36124-3_33
Dynamic;https://doi.org/10.1007/3-540-36124-3_1
Dynamic;https://doi.org/10.1007/978-3-540-30469-2_39
Dynamic;https://doi.org/10.1007/978-3-540-39964-3_80
Dynamic;https://doi.org/10.1109/COOPIS.1999.792163
Dynamic;https://doi.org/10.1007/978-3-540-30469-2_49
Dynamic;https://doi.org/10.1007/978-3-540-39964-3_42
Dynamic;https://doi.org/10.1007/978-3-031-17834-4_6
Dynamic;https://doi.org/10.1007/3-540-36124-3_53
Dynamic;https://doi.org/10.1109/COOPIS.1998.706203
Dynamic;https://doi.org/10.1109/COOPIS.1999.792162
Dynamic;https://doi.org/10.1109/NOTERE.2010.5536671
Dynamic;https://doi.org/10.1109/NOTERE.2011.5957972
Dynamic;https://doi.org/10.1109/NOTERE.2015.7293500
Dynamic;https://doi.org/10.1109/NOTERE.2015.7293511
Dynamic;https://doi.org/10.1007/s11280-006-0017-2
Dynamic;https://doi.org/10.1016/j.eswax.2019.100015
Dynamic;https://doi.org/10.1007/978-3-662-47804-2_6
Dynamic;https://doi.org/10.1007/978-3-642-45315-1_5
Dynamic;https://doi.org/10.1007/978-3-642-23074-5_1
Dynamic;https://doi.org/10.1007/978-3-662-64148-4_3
Dynamic;https://doi.org/10.1007/978-3-662-58384-5_3
Dynamic;https://doi.org/10.1007/978-3-662-62386-2_2
Dynamic;https://doi.org/10.1007/978-3-662-66146-8_4
Dynamic;http://studia.complexica.net/index.php?option=com_content&view=article&id=73
Dynamical;https://doi.org/10.1007/978-3-030-79146-9
Dynamical;https://doi.org/10.1007/978-3-030-50987-3
Efficient;https://d-nb.info/985518715
Efficient;https://doi.org/10.1007/978-1-4939-2092-1_6
Efficient;https://doi.org/10.1007/978-1-4939-2092-1_26
Efficient;https://doi.org/10.1007/978-1-4939-2092-1_8
Efficient;https://doi.org/10.1007/3-540-36124-3_44
Efficient;https://doi.org/10.1007/3-540-36124-3_80
Efficient;https://doi.org/10.1007/978-3-540-30469-2_23
Efficient;https://doi.org/10.1007/3-540-36124-3_27
Efficient;https://doi.org/10.1007/10722620_17
Efficient;https://doi.org/10.1007/s11280-006-0009-2
Efficient;https://doi.org/10.1007/978-3-540-89918-1
Efficient;https://doi.org/10.1007/978-3-030-74524-0
Efficient;https://doi.org/10.1007/978-1-4939-0600-0
Efficient;https://doi.org/10.1007/978-3-642-39323-5
Efficient;https://doi.org/10.1007/978-3-662-50417-8
Efficient;https://doi.org/10.1007/978-3-662-47810-3
Efficient;https://doi.org/10.1007/BFb0015091
Efficient;https://doi.org/10.1007/978-3-658-11039-0
Electronic;https://doi.org/10.1007/978-1-4614-8806-4_17
Electronic;https://doi.org/10.1007/978-1-4614-8265-9_809
Electronic;https://doi.org/10.1007/978-1-4614-8265-9_808
Electronic;https://doi.org/10.1007/978-1-4614-8265-9_143
Electronic;https://doi.org/10.1007/978-1-4614-8265-9_144
Electronic;https://doi.org/10.1109/COOPIS.1997.613824
Electronic;https://doi.org/10.1007/3-540-44751-2_26
Electronic;https://doi.org/10.1109/COOPIS.1999.792170
Electronic;https://doi.org/10.1007/10722620_16
Electronic;https://doi.org/10.1109/NOTERE.2010.5536694
Electronic;https://doi.org/10.1007/978-3-319-78503-5
Electronic;https://doi.org/10.1007/b94069
Electronic;https://doi.org/10.1007/978-981-13-2167-2
Electronic;https://doi.org/10.1007/978-3-030-37884-4
Electronic;https://doi.org/10.1007/978-3-030-25734-7
Electronic;https://doi.org/10.1007/978-3-319-74950-1
Electronic;https://doi.org/10.1007/978-3-642-23740-9_5
Embedded;https://doi.org/10.1007/978-3-662-43505-2_76
Embedded;https://doi.org/10.1007/978-3-540-30469-2_41
Embedded;https://doi.org/10.1007/3-540-36124-3_38
Embedded;https://doi.org/10.1007/978-3-540-30469-2_23
Embedded;https://doi.org/10.1007/978-3-540-30469-2_26
Embedded;https://doi.org/10.1109/NOTERE.2010.5536671
Embedded;https://doi.org/10.1007/978-3-658-08047-1
Embedded;https://doi.org/10.1007/978-981-16-0804-9
Embedded;https://doi.org/10.1007/3-540-45858-1
Embedded;https://doi.org/10.1007/978-3-642-22676-2
Empirical;https://doi.org/10.1007/3-540-36124-3_60
Empirical;https://doi.org/10.1007/978-3-658-14893-5
Empirical;https://doi.org/10.1007/BFb0021059
Empirical;https://doi.org/10.1007/0-387-34239-7
Empirical;https://doi.org/10.1007/978-3-662-66146-8_5
Engineering.;https://doi.org/10.1007/978-3-662-43505-2_38
Engineering.;https://doi.org/10.1007/978-0-387-39940-9_646
Engineering.;https://doi.org/10.1007/978-1-4614-8265-9_1315
Engineering.;http://studia.complexica.net/index.php?option=com_content&view=article&id=74
ensemble;http://biaa.eu/-upload/BIAA60.pdf
Estimation;https://doi.org/10.1007/978-3-662-43505-2_45
Estimation;https://doi.org/10.1145/3342428.3342655
Estimation;https://doi.org/10.1145/3411170.3411235
Estimation;https://doi.org/10.1007/978-3-030-88350-8
Estimation;https://doi.org/10.1007/978-3-319-39934-8
Estimation;https://doi.org/10.1007/978-1-4615-1003-1
Estimation;https://doi.org/10.1007/978-3-319-03629-8
Estimation;https://doi.org/10.1007/978-981-16-1446-0
Estimation;https://doi.org/10.1007/978-1-4757-2341-0
Estimation;https://doi.org/10.1007/0-387-34239-7
Estimation;https://doi.org/10.1007/978-3-662-62386-2_2
Estimation;https://doi.org/10.1007/978-3-662-62386-2_6
Estimation;http://studia.complexica.net/index.php?option=com_content&view=article&id=144
evaluation;https://d-nb.info/985468084
evaluation;https://d-nb.info/988799375
evaluation;https://doi.org/10.1109/NOTERE.2016.7745822
evaluation;https://doi.org/10.1145/3284869.3284918
evaluation;https://doi.org/10.1504/IJTMCC.2015.076966
evaluation;https://doi.org/10.1504/IJTMCC.2013.053259
evaluation;http://studia.complexica.net/index.php?option=com_content&view=article&id=123
Evolution;http://www.dr.hut-verlag.de/978-3-8439-4205-8.html
Evolution;https://doi.org/10.1007/978-3-319-07124-4_13
Evolution;https://doi.org/10.1007/978-1-4614-8806-4_34
Evolution;https://doi.org/10.1007/978-1-4614-8806-4_76
Evolution;https://doi.org/10.1007/978-3-662-43505-2_44
Evolution;https://doi.org/10.1007/978-0-387-39940-9_118
Evolution;https://doi.org/10.1007/978-3-540-39964-3_4
Evolution;https://doi.org/10.1007/3-540-36124-3_75
Evolution;https://doi.org/10.1007/3-540-44751-2_26
Evolution;https://doi.org/10.1007/978-3-031-17834-4_11
Evolution;https://doi.org/10.1007/3-540-44751-2_2
Evolution;https://doi.org/10.1109/COOPIS.1999.792162
Evolution;https://doi.org/10.1007/978-3-319-76111-4_26
Evolution;https://doi.org/10.1007/978-3-540-46505-8
Evolution;https://doi.org/10.1007/978-3-642-34179-3_8
Evolution;https://doi.org/10.1007/978-3-642-03722-1_9
Evolutionary;https://doi.org/10.1007/978-3-662-43505-2_50
Evolutionary;https://doi.org/10.1007/978-3-662-43505-2_52
Evolutionary;https://doi.org/10.1007/978-3-662-43505-2_55
Evolutionary;https://doi.org/10.1007/978-3-662-43505-2_46
Evolutionary;https://doi.org/10.1007/978-1-4614-8806-4_51
Evolutionary;https://doi.org/10.1007/978-3-319-07124-4_59
Evolutionary;https://doi.org/10.1007/978-3-662-43505-2_49
Evolutionary;https://doi.org/10.1007/978-3-662-43505-2_65
Evolutionary;https://doi.org/10.1007/978-3-319-07124-4_27
Evolutionary;https://doi.org/10.1007/3-540-36124-3_1
Evolutionary;https://doi.org/10.1007/978-3-319-61949-1_26
Evolutionary;https://doi.org/10.1007/978-981-16-4859-5
Evolutionary;https://doi.org/10.1007/b97585
Evolutionary;https://doi.org/10.1007/978-3-319-33858-3
Evolutionary;https://doi.org/10.1007/978-3-642-45315-1_1
Evolutionary;https://doi.org/10.1007/978-3-662-62308-4_3
Evolving;https://doi.org/10.1007/978-3-662-43505-2_40
Evolving;https://doi.org/10.1007/978-3-662-43505-2_75
Evolving;https://doi.org/10.1109/COOPIS.1998.706275
Evolving;https://doi.org/10.1007/978-3-642-18087-3
Evolving;https://doi.org/10.1007/978-3-030-38339-8
Evolving;https://doi.org/10.1007/978-3-658-11039-0
Evolving;https://doi.org/10.1007/978-3-642-45269-7_4
Evolving;http://studia.complexica.net/index.php?option=com_content&view=article&id=209%3Avolterra-equations-of-the-first-kind-with-discontinuous-kernels-in-the-theory-of-evolving-systems-control-pp-135-146
feature;https://doi.org/10.1016/j.eswax.2019.100016
feature;https://doi.org/10.1016/j.eswax.2020.100030
feature;https://doi.org/10.1016/j.eswax.2019.100014
Filtering;https://doi.org/10.1007/978-3-540-30468-5_31
Filtering;https://doi.org/10.1007/978-3-540-30468-5_20
Filtering;https://doi.org/10.1007/978-3-540-30469-2_2
Filtering;https://doi.org/10.1007/978-3-319-39934-8
flow;https://doi.org/10.1109/NOTERE.2015.7293478
flow;https://doi.org/10.1504/IJTMCC.2016.10002816
flow;http://biaa.eu/-upload/BIAA36.pdf
fuzzy;https://doi.org/10.1504/IJTMCC.2013.053259
fuzzy;https://doi.org/10.1016/j.eswax.2019.100006
Gaussian;https://doi.org/10.1007/978-3-662-56121-8_4
Geometry;https://doi.org/10.1007/BFb0028319
Geometry;https://doi.org/10.1007/978-3-030-61541-3
Geometry;https://doi.org/10.1007/978-981-15-4470-5
Geometry;https://doi.org/10.1007/978-981-13-5880-7
Geometry;https://doi.org/10.1007/3-540-54103-9
Graph-Based;https://doi.org/10.1109/COOPIS.1999.792152
Hardware;https://doi.org/10.1007/978-1-4939-2092-1_27
Hardware;https://doi.org/10.1145/3284869.3284895
Hardware;https://doi.org/10.1007/978-3-030-79701-0
Hardware;https://doi.org/10.1007/978-3-030-15334-2
Hardware;https://doi.org/10.1007/b95732
Hardware;https://doi.org/10.1007/978-3-030-72261-6
Health;https://doi.org/10.1007/978-1-4614-8806-4_12
Health;https://doi.org/10.1007/978-1-4614-8265-9_1355
Health;https://doi.org/10.1007/978-3-540-39964-3_13
Health;https://doi.org/10.1145/3342428.3342654
Health;https://doi.org/10.1145/3284869.3284890
Health;https://doi.org/10.1145/3411170.3411244
Health;https://doi.org/10.1007/978-3-319-61949-1_2
Health;https://doi.org/10.1007/978-3-319-17662-8
Health;https://doi.org/10.1007/978-3-319-72347-1
Health;https://doi.org/10.1007/978-3-319-93414-3
Health;https://doi.org/10.1007/978-3-642-23740-9_5
Health;https://doi.org/10.1007/978-3-662-49784-5_4
Health;http://studia.complexica.net/index.php?option=com_content&view=article&id=246%3Aa-multimodal-corpus-recorded-in-a-health-nursing-home-pp-88-102
Heterogeneous;https://doi.org/10.1109/COOPIS.1997.613823
Heterogeneous;https://doi.org/10.1109/COOPIS.1997.613810
Heterogeneous;https://doi.org/10.1007/978-3-540-30468-5_15
Heterogeneous;https://doi.org/10.1109/COOPIS.1998.706184
Heterogeneous;https://doi.org/10.1007/978-3-540-39964-3_28
Heterogeneous;https://doi.org/10.1109/COOPIS.1996.555006
Heterogeneous;https://doi.org/10.1007/3-540-36124-3_84
Heterogeneous;https://doi.org/10.1007/978-3-540-39964-3_30
Heterogeneous;https://doi.org/10.1007/3-540-44751-2_18
Heterogeneous;https://doi.org/10.1109/NOTERE.2010.5536748
Heterogeneous;https://doi.org/10.1145/3284869.3284905
Heterogeneous;https://doi.org/10.1007/3-540-70735-2
Heterogeneous;https://doi.org/10.1007/978-3-319-72209-2
Heterogeneous;https://doi.org/10.1007/978-3-030-79584-9
Heterogeneous;https://doi.org/10.1007/978-3-319-56212-4
Heterogeneous;https://doi.org/10.1007/978-3-642-28148-8_8
Hierarchical;https://doi.org/10.1007/978-0-387-39940-9_536
Hierarchical;https://doi.org/10.1007/978-0-387-39940-9_1380
Hierarchical;https://doi.org/10.1007/978-3-540-39964-3_78
Hierarchical;https://doi.org/10.1007/b11963
Hierarchical;https://doi.org/10.1007/3-540-15652-6
High-Performance;https://doi.org/10.1007/978-1-4939-2092-1_1
High-Performance;https://doi.org/10.1007/978-3-030-27558-7
Human;https://doi.org/10.1007/978-1-4899-2271-7
Human;https://doi.org/10.1007/978-3-030-21445-6
Human;https://doi.org/10.1007/978-1-4471-6651-1
Human;https://doi.org/10.1007/978-3-030-19408-6
Hybrid;https://doi.org/10.1007/978-3-662-43505-2_52
Hybrid;https://doi.org/10.1007/978-3-319-47524-0
Hybrid;https://doi.org/10.1007/978-3-642-22580-2
Hybrid;https://doi.org/10.1007/978-1-4842-2737-4
Hybrid;https://doi.org/10.1007/b95170
Hybrid;https://doi.org/10.1007/b97585
Hybrid;https://doi.org/10.1007/978-3-030-02161-0
Hybrid;https://doi.org/10.1007/b12051
Hybrid;https://doi.org/10.1007/978-981-15-0275-0
Hybrid;https://doi.org/10.1007/978-3-319-98845-0
Image;https://doi.org/10.1007/978-1-4939-0790-8_11
Image;https://doi.org/10.1007/978-1-4939-0790-8_39
Image;https://doi.org/10.1007/978-3-319-07124-4_56
Image;https://doi.org/10.1007/978-1-4939-0790-8_50
Image;https://doi.org/10.1007/978-1-4939-0790-8_24
Image;https://doi.org/10.1007/978-1-4939-0790-8_25
Image;https://doi.org/10.1007/978-1-4939-0790-8_40
Image;https://doi.org/10.1007/978-3-319-95504-9_24
Image;https://doi.org/10.1007/978-1-4614-8265-9_1013
Image;https://doi.org/10.1007/978-0-387-39940-9_1013
Image;https://doi.org/10.1007/978-1-4614-8265-9_295
Image;https://doi.org/10.1007/978-1-4614-8265-9_1011
Image;https://doi.org/10.1007/978-0-387-39940-9_17
Implementation;https://doi.org/10.1007/978-1-4471-6717-4
Implementation;https://doi.org/10.1007/978-3-030-58839-7
Implementation;https://doi.org/10.1007/978-3-030-15391-5
Implementation;https://doi.org/10.1007/3-540-44933-7
Implementation;https://doi.org/10.1007/3-540-10256-6
Implementation;https://doi.org/10.1007/978-3-658-04773-3
Infrastructure;https://doi.org/10.1007/978-1-4614-8806-4_37
Infrastructure;https://doi.org/10.1109/COOPIS.1999.792171
Infrastructure;https://doi.org/10.1007/978-3-540-39964-3_30
Infrastructure;https://doi.org/10.1007/978-3-540-39964-3_43
Infrastructure;https://doi.org/10.1007/978-3-540-30469-2_30
Infrastructure;https://doi.org/10.1007/978-3-540-30469-2_47
Infrastructure;https://doi.org/10.1007/3-540-44751-2_1
Infrastructure;https://doi.org/10.1007/3-540-36124-3_52
Infrastructure;https://doi.org/10.1007/978-3-319-61949-1_20
Infrastructure;https://doi.org/10.1145/3411170.3411236
Integration.;https://doi.org/10.1007/978-0-387-39940-9_780
Integration.;https://doi.org/10.1007/978-1-4614-8265-9_80667
Integrity;https://doi.org/10.1007/978-1-4939-2092-1_21
Integrity;https://doi.org/10.1007/978-1-4939-2092-1_17
Integrity;https://doi.org/10.1007/978-0-387-39940-9_980
Integrity;https://doi.org/10.1007/978-1-4614-8265-9_980
Integrity;https://doi.org/10.1007/978-0-387-39940-9_400
Integrity;https://doi.org/10.1109/COOPIS.1998.706291
Integrity;https://doi.org/10.1109/COOPIS.1996.554996
Integrity;https://doi.org/10.1007/978-3-540-30468-5_48
Integrity;https://doi.org/10.1007/3-540-44751-2_24
Integrity;https://doi.org/10.1007/978-3-662-55947-5_7
Integrity;https://doi.org/10.1007/978-3-642-34179-3_6
intelligence;https://d-nb.info/969493525
intelligence;https://doi.org/10.1145/1416729.1416778
Internet;https://d-nb.info/95011958X
Internet;https://doi.org/10.1007/10722620_14
Internet;https://doi.org/10.1007/978-3-540-39964-3_85
IP;https://doi.org/10.1007/978-0-387-39940-9_1331
IP;https://doi.org/10.1109/NOTERE.2015.7293515
IP;https://doi.org/10.1007/978-3-030-85836-0
Java;https://doi.org/10.1007/978-0-387-39940-9_1213
Java;https://doi.org/10.1007/978-0-387-39940-9_910
Java;https://doi.org/10.1007/10722620_27
Java;https://doi.org/10.1007/978-3-540-30469-2_28
Java;https://doi.org/10.1007/3-540-36124-3_56
Java;https://doi.org/10.1007/3-540-36124-3_54
Java;https://doi.org/10.1007/3-540-36124-3_59
Java;https://doi.org/10.1007/978-3-540-39964-3_86
Java;https://doi.org/10.1007/978-3-031-06553-8
Java;https://doi.org/10.1007/978-3-319-89491-1
Java;https://doi.org/10.1007/978-3-031-09268-8
Java;https://doi.org/10.1007/978-3-030-24094-3
Java;https://doi.org/10.1007/978-3-319-63357-2
Knowledge;https://doi.org/10.1007/978-0-387-39940-9_1038
Knowledge;https://doi.org/10.1007/3-540-36124-3_82
Knowledge;https://doi.org/10.1007/978-3-540-30468-5_46
Knowledge;https://doi.org/10.1007/978-3-540-39964-3_41
Knowledge;https://doi.org/10.1007/978-3-540-39964-3_57
Knowledge;https://doi.org/10.1007/978-3-031-17834-4_1
Knowledge;https://doi.org/10.1007/978-3-540-30468-5_42
Knowledge;https://doi.org/10.1007/3-540-36124-3_65
Knowledge;https://doi.org/10.1007/3-540-36124-3_75
Knowledge;https://doi.org/10.1007/978-3-540-39964-3_16
Knowledge;https://doi.org/10.1007/978-3-540-39964-3_43
Knowledge;https://doi.org/10.1007/978-3-540-30468-5_40
Language;https://doi.org/10.1007/978-3-540-30468-5_29
Language;https://doi.org/10.1007/3-540-36124-3_83
Language;https://doi.org/10.1109/NOTERE.2015.7293496
Language;https://doi.org/10.1145/3411170.3411252
Language;https://doi.org/10.1007/978-3-642-45419-6
Language;https://doi.org/10.1007/3-540-17980-1
Language;https://doi.org/10.1007/978-1-4613-9595-9
Language;https://doi.org/10.1007/978-3-030-84589-6
Language;https://doi.org/10.1007/b96103
Language;https://doi.org/10.1007/b11968
Learning-Based;https://doi.org/10.1007/3-540-45124-2
Linear;https://doi.org/10.1007/978-1-4612-4224-6
Linear;https://doi.org/10.1007/3-540-54509-3
Linear;https://doi.org/10.1007/978-3-030-31324-1
Logic;https://doi.org/10.1007/978-3-540-69094-8
Machine;https://doi.org/10.1007/978-1-4614-8265-9_557
machine;https://doi.org/10.1016/j.eswax.2019.100015
machine;https://doi.org/10.1016/j.eswax.2019.100001
machine;http://biaa.eu/-upload/BIAA15.pdf
machine;http://biaa.eu/-upload/BIAA26.pdf
machine;http://biaa.eu/-upload/BIAA18.pdf
machine;http://biaa.eu/-upload/BIAA10.pdf
machine;http://biaa.eu/-upload/BIAA12.pdf
machine;http://studia.complexica.net/index.php?option=com_content&view=article&id=193%3Atwo-machine-flow-shop-with-transportation-time-pp-50-75
Management;https://doi.org/10.1007/0-387-27631-9
Management;https://doi.org/10.1007/978-3-319-12250-2
Management;https://doi.org/10.1007/978-981-13-7972-7
Management;https://doi.org/10.1007/978-981-16-9368-7
Management;https://doi.org/10.1007/978-3-030-37884-4
Management;https://doi.org/10.1007/978-1-4939-0392-4
Management;https://doi.org/10.1007/978-3-030-43506-6
Management;https://doi.org/10.1007/978-3-540-38885-2
Management;https://doi.org/10.1007/978-981-15-0138-8
Markov;https://doi.org/10.1007/978-3-319-95504-9_6
Markov;https://doi.org/10.1007/3-540-45804-2
Markov;https://doi.org/10.1007/978-3-662-45947-8_3
Markov;http://studia.complexica.net/index.php?option=com_content&view=article&id=112
measurement;https://doi.org/10.1145/3342428.3343035
Memory;https://doi.org/10.1007/978-1-4939-2092-1_27
Memory;https://doi.org/10.1007/978-1-4614-8265-9_657
Memory;https://doi.org/10.1007/978-0-387-39940-9_686
Memory;https://doi.org/10.1007/10722620_23
Memory;https://doi.org/10.1007/978-3-662-58415-6_7
methods;https://d-nb.info/986312657
methods;https://doi.org/10.1016/j.eswax.2020.100033
Microcontroller;https://doi.org/10.1007/978-3-662-47810-3
Middleware;https://doi.org/10.1007/978-1-4939-2092-1_22
Middleware;https://doi.org/10.1007/978-3-540-30469-2_46
Middleware;https://doi.org/10.1007/3-540-36124-3_60
Middleware;https://doi.org/10.1007/3-540-36124-3_43
Middleware;https://doi.org/10.1007/3-540-36124-3_62
Middleware;https://doi.org/10.1007/978-3-540-30469-2_23
Middleware;https://doi.org/10.1007/978-3-540-39964-3_75
Middleware;https://doi.org/10.1007/978-3-540-39964-3_79
Middleware;https://doi.org/10.1007/10722620_26
Middleware;https://doi.org/10.1007/3-540-36124-3_53
Middleware;https://doi.org/10.1109/NOTERE.2011.5957989
Middleware;https://doi.org/10.1007/0-387-27631-9
Middleware;https://doi.org/10.1007/978-3-642-23074-5_8
Middleware;http://studia.complexica.net/index.php?option=com_content&view=article&id=78
Middleware;http://studia.complexica.net/index.php?option=com_content&view=article&id=151
Middleware;http://studia.complexica.net/index.php?option=com_content&view=article&id=79
MIMO;https://doi.org/10.1007/978-981-13-6362-7
mining;https://doi.org/10.1504/IJTMCC.2016.10005490
mining;https://doi.org/10.1016/j.eswax.2020.100040
mobile;https://d-nb.info/985468084
mobile;https://d-nb.info/983751560
mobile;https://doi.org/10.1145/1416729.1416783
mobile;https://doi.org/10.1145/1416729.1416753
mobile;https://doi.org/10.1109/NOTERE.2016.7745824
mobile;https://doi.org/10.1145/1416729.1416756
mobile;https://doi.org/10.1145/1416729.1416785
mobile;https://doi.org/10.1109/NOTERE.2015.7293473
mobile;https://doi.org/10.1145/1416729.1416791
mobile;https://doi.org/10.1109/NOTERE.2015.7293510
mobile;https://doi.org/10.1145/1416729.1416757
modeling;https://d-nb.info/1008890065
modeling;https://doi.org/10.1145/1416729.1416745
modeling;https://doi.org/10.1016/j.eswax.2020.100026
modeling;http://studia.complexica.net/index.php?option=com_content&view=article&id=254%3Atimed-automata-based-modeling-and-verication-of-denial-of-service-attacks-in-wireless-sensor-networks-pp1-46-&catid=65%3Anumber-1-&Itemid=112
Monitoring;https://doi.org/10.1007/978-1-4939-2092-1_40
Monitoring;https://doi.org/10.1007/978-1-4939-2092-1_42
Monitoring;https://doi.org/10.1007/978-1-4614-8265-9_124
Monitoring;https://doi.org/10.1109/COOPIS.1997.613823
Monitoring;https://doi.org/10.1007/978-3-540-39964-3_68
Monitoring;https://doi.org/10.1145/3411170.3411245
Monitoring;https://doi.org/10.1007/978-3-319-61949-1_7
Monitoring;https://doi.org/10.1145/3411170.3411268
Monitoring;https://doi.org/10.1145/3284869.3284906
Monitoring;https://doi.org/10.1007/978-3-319-61949-1_1
Monitoring;https://doi.org/10.1007/978-3-319-61949-1_2
Monitoring;https://doi.org/10.1007/978-3-319-76111-4_38
Monitoring;https://doi.org/10.1145/3411170.3411236
Monitoring;https://doi.org/10.1145/3284869.3284876
multi-agent;https://doi.org/10.1145/1416729.1416767
multi-agent;http://studia.complexica.net/index.php?option=com_content&view=article&id=224%3Aautomated-observation-of-multi-agent-based-simulations-a-statistical-analysis-approach-pp-62-86
multi-agent;http://studia.complexica.net/index.php?option=com_content&view=article&id=226%3Acompositional-verication-for-reactive-multi-agent-systems-applied-to-platoon-non-collision-verication-pp-119-141
network;https://doi.org/10.1109/NOTERE.2010.5536718
network;https://doi.org/10.1145/1416729.1416743
network;https://doi.org/10.1109/NOTERE.2015.7293507
network;https://doi.org/10.1109/NOTERE.2010.5536543
Networking;https://doi.org/10.1007/978-3-319-61949-1_21
Networking;https://doi.org/10.1007/978-981-16-9368-7
Nonlinear;https://doi.org/10.1007/978-981-16-4161-9
Nonlinear;https://doi.org/10.1007/978-1-84628-615-5
Nonlinear;https://doi.org/10.1007/978-3-030-90773-0
Nonlinear;https://doi.org/10.1007/978-3-662-02581-9
Nonlinear;https://doi.org/10.1007/3-7643-7374-1
number;https://doi.org/10.1145/1416729.1416777
number;https://doi.org/10.1145/3411170.3411255
Object-Oriented;https://doi.org/10.1007/978-1-4614-8265-9_404
Object-Oriented;https://doi.org/10.1007/3-540-36124-3_79
Object-Oriented;https://doi.org/10.1007/3-540-36124-3_62
Object-Oriented;https://doi.org/10.1109/COOPIS.1997.613797
Object-Oriented;https://doi.org/10.1109/COOPIS.1997.613816
Object-Oriented;https://doi.org/10.1109/COOPIS.1998.706200
Object-Oriented;https://doi.org/10.1007/978-3-540-30469-2_44
Object-Oriented;https://doi.org/10.1007/978-3-319-76111-4_28
Object-Oriented;https://doi.org/10.1007/978-3-662-47810-3
Object-Oriented;https://doi.org/10.1007/978-1-4842-2838-8
Object-Oriented;https://doi.org/10.1007/978-3-030-13712-0
Object-Oriented;https://doi.org/10.1007/978-3-642-54426-2_6
online;https://doi.org/10.1145/3411170.3411265
online;https://doi.org/10.1504/IJTMCC.2015.072461
online;https://doi.org/10.1504/IJTMCC.2014.067306
Ontology;https://doi.org/10.1007/978-1-4614-8265-9_1315
Ontology;https://doi.org/10.1007/3-540-36124-3_89
Ontology;https://doi.org/10.1007/978-3-540-30469-2_11
Ontology;https://doi.org/10.1007/978-3-540-30468-5_46
Ontology;https://doi.org/10.1007/978-3-540-30468-5_51
Ontology;https://doi.org/10.1007/978-3-540-39964-3_53
Ontology;https://doi.org/10.1007/3-540-36124-3_66
Ontology;https://doi.org/10.1007/978-3-540-39964-3_54
Ontology;https://doi.org/10.1007/978-3-540-30469-2_14
Ontology;https://doi.org/10.1007/978-3-540-30468-5_41
Ontology;https://doi.org/10.1007/3-540-36124-3_72
Ontology;https://doi.org/10.1007/3-540-36124-3_76
Ontology;https://doi.org/10.1007/3-540-36124-3_33
Ontology;https://doi.org/10.1007/3-540-36124-3_78
Ontology;https://doi.org/10.1007/978-3-540-39964-3_60
Ontology;https://doi.org/10.1007/3-540-36124-3_68
Ontology;https://doi.org/10.1007/978-3-540-39964-3_51
Ontology;https://doi.org/10.1109/COOPIS.1997.613814
Ontology;https://doi.org/10.1145/3342428.3342662
Ontology;https://doi.org/10.1007/978-0-387-36501-5
Ontology;https://doi.org/10.1007/978-3-030-38854-6
Ontology;https://doi.org/10.1007/978-3-662-53455-7_4
Optimization;https://tel.archives-ouvertes.fr/tel-01468781
Optimization;https://doi.org/10.1007/978-3-319-95504-9_21
Optimization;https://doi.org/10.1007/978-3-319-07124-4_53
Optimization;https://doi.org/10.1007/978-3-662-43505-2_78
Optimization;https://doi.org/10.1007/978-3-662-43505-2_59
Optimization;https://doi.org/10.1007/978-3-319-95504-9_15
Optimization;https://doi.org/10.1007/978-3-662-43505-2_66
Optimization;https://doi.org/10.1007/978-3-662-43505-2_67
Optimization;https://doi.org/10.1007/978-3-662-43505-2_81
Optimization;https://doi.org/10.1007/978-3-319-07124-4_42
Optimization;https://doi.org/10.1007/978-3-319-95504-9_26
Optimization;https://doi.org/10.1007/978-3-662-43505-2_68
Optimization;https://doi.org/10.1007/978-0-387-39940-9_297
Optimization;https://doi.org/10.1007/978-3-540-30469-2_22
Optimization;https://doi.org/10.1007/978-3-031-17834-4_10
Optimization;https://doi.org/10.1007/3-540-36124-3_1
Optimization;https://doi.org/10.1109/NOTERE.2016.7745827
Optimization;https://doi.org/10.1007/978-1-4612-1394-9
Optimization;https://doi.org/10.1007/b98874
Optimization;https://doi.org/10.1007/978-3-642-84379-2
Optimization;https://doi.org/10.1007/978-3-540-76290-4
Optimization;https://doi.org/10.1007/3-540-53032-0
Optimization;https://doi.org/10.1007/978-3-658-33034-7
Optimization;https://doi.org/10.1007/978-3-662-46353-6
Optimization;https://doi.org/10.1007/978-3-658-00808-6
Optimization;https://doi.org/10.1007/BFb0020710
Optimization;https://doi.org/10.1007/978-981-16-3420-8
Optimization;https://doi.org/10.1007/978-3-030-98737-4
Optimization;https://doi.org/10.1007/978-981-19-1770-7
Optimization;https://doi.org/10.1007/978-981-15-3928-2
Optimization;https://doi.org/10.1007/978-3-662-49534-6_3
Optimization;https://doi.org/10.1007/978-3-642-23074-5_6
Optimization;https://doi.org/10.1007/978-3-662-62386-2_2
Optimization;https://doi.org/10.1007/978-3-662-62199-8_3
Optimization;https://doi.org/10.1007/978-3-642-37574-3_3
Optimization;https://doi.org/10.1007/978-3-662-55696-2_4
Optimization;https://doi.org/10.1007/978-3-642-03722-1_9
Optimization;http://studia.complexica.net/index.php?option=com_content&view=article&id=103
Optimization;http://studia.complexica.net/index.php?option=com_content&view=article&id=198%3Aimproving-the-envelope-of-the-lmi-optimization-using-the-youla-parametrization-pp-152-172
Optimization;http://studia.complexica.net/index.php?option=com_content&view=article&id=142
Optimization;http://studia.complexica.net/index.php?option=com_content&view=article&id=199%3Apreface-baikal-conference-on-optimization-methods-and-tapplications-pp-3-6
Parallel;https://doi.org/10.1007/978-3-662-43505-2_50
Parallel;https://doi.org/10.1007/978-3-662-43505-2_55
Parallel;https://doi.org/10.1007/978-3-662-43505-2_46
Parallel;https://doi.org/10.1007/978-3-319-07124-4_40
Parallel;https://doi.org/10.1007/978-1-4939-2092-1_1
Parallel;https://doi.org/10.1007/978-1-4614-8265-9_262
Parallel;https://doi.org/10.1007/978-0-387-39940-9_1079
Parallel;https://doi.org/10.1007/978-1-4614-8265-9_1078
Parallel;https://doi.org/10.1007/978-0-387-39940-9_261
Parallel;https://doi.org/10.1007/978-1-4614-8265-9_1079
Parallel;https://doi.org/10.1007/3-540-36124-3_24
Parallel;https://doi.org/10.1007/978-3-540-30469-2_38
Parallel;https://doi.org/10.1145/3411170.3411258
Path;https://doi.org/10.1007/978-1-4939-2092-1_3
Path;https://doi.org/10.1007/978-3-319-61949-1_23
Path;https://doi.org/10.1007/978-3-658-28415-2
Path;https://doi.org/10.1007/978-3-540-77520-1
Path;https://doi.org/10.1007/978-3-662-45947-8_4
Pattern;https://doi.org/10.1007/978-3-642-37574-3_7
Pattern;https://doi.org/10.1007/978-3-662-62386-2_3
Pattern;https://doi.org/10.1007/978-3-662-66146-8_6
Pattern;https://doi.org/10.1007/978-3-662-49784-5_1
Pattern;https://doi.org/10.1007/978-3-662-47804-2_7
Pattern;https://doi.org/10.1007/978-3-642-37574-3_6
Perception;https://doi.org/10.1007/978-3-642-13974-1
Perception;https://doi.org/10.1007/978-3-540-39964-3_10
Perception;https://doi.org/10.1007/3-540-36124-3_12
Perception;https://doi.org/10.1007/978-3-319-69920-2
Perception;https://doi.org/10.1007/BFb0019384
Performance;https://doi.org/10.1007/978-3-540-30469-2_21
Performance;https://doi.org/10.1007/3-540-36124-3_59
Performance;https://doi.org/10.1007/3-540-36124-3_51
Performance;https://doi.org/10.1007/3-540-36124-3_39
Performance;https://doi.org/10.1007/978-3-540-39964-3_85
Performance;https://doi.org/10.1109/NOTERE.2011.5957994
Performance;https://doi.org/10.1109/NOTERE.2016.7745823
Performance;https://doi.org/10.1007/978-3-319-61949-1_6
Performance;https://doi.org/10.1007/978-3-319-76111-4_10
Planning;https://doi.org/10.1007/978-3-642-37574-3_2
Prediction;https://doi.org/10.1109/COOPIS.1999.792167
Prediction;https://doi.org/10.1145/3411170.3411232
Prediction;https://doi.org/10.1007/978-3-319-32253-7
Prediction;https://doi.org/10.1007/978-3-642-13642-9
Privacy;https://doi.org/10.1007/978-3-319-98161-1_13
Privacy;https://doi.org/10.1007/978-3-319-95504-9_27
Privacy;https://doi.org/10.1007/978-1-4614-8806-4_69
Privacy;https://doi.org/10.1007/978-1-4939-2092-1_34
Privacy;https://doi.org/10.1007/978-3-319-98161-1_9
Privacy;https://doi.org/10.1007/978-1-4614-8265-9_272
Privacy;https://doi.org/10.1007/978-1-4614-8265-9_273
Privacy;https://doi.org/10.1007/978-0-387-39940-9_273
Privacy;https://doi.org/10.1007/978-3-031-17834-4_5
Privacy;https://doi.org/10.1109/NOTERE.2011.5957982
Privacy;https://doi.org/10.1145/3342428.3342654
Privacy;https://doi.org/10.1007/978-3-319-76111-4_15
Privacy;https://doi.org/10.1145/3284869.3284893
Privacy;https://doi.org/10.1145/3342428.3342690
Privacy;https://doi.org/10.1007/978-3-319-61949-1_22
Privacy;https://doi.org/10.1007/978-3-319-77965-2
Privacy;https://doi.org/10.1007/978-3-030-81043-6
probability;https://d-nb.info/1027422780
probability;https://doi.org/10.1504/IJTMCC.2014.067360
problem;https://doi.org/10.1016/j.eswax.2020.100025
problem;https://doi.org/10.1016/j.eswax.2020.100022
programming;https://d-nb.info/989177548
programming;https://doi.org/10.1109/NOTERE.2010.5536694
protocols;https://d-nb.info/985468084
protocols;https://doi.org/10.1109/NOTERE.2015.7293490
protocols;https://doi.org/10.1145/1416729.1416748
protocols;https://doi.org/10.1145/1416729.1416746
Publish/Subscribe;https://doi.org/10.1007/978-1-4614-8265-9_284
Publish/Subscribe;https://doi.org/10.1007/978-3-540-39964-3_17
Publish/Subscribe;https://doi.org/10.1007/10722620_17
Publish/Subscribe;https://doi.org/10.1007/978-3-540-30469-2_44
Publish/Subscribe;http://studia.complexica.net/index.php?option=com_content&view=article&id=116
Publish/Subscribe.;https://doi.org/10.1007/978-1-4614-8265-9_1209
Publish/Subscribe.;https://doi.org/10.1007/978-0-387-39940-9_1209
Publish/Subscribe.;https://doi.org/10.1007/978-0-387-39940-9_1207
Publish/Subscribe.;https://doi.org/10.1007/978-0-387-39940-9_1210
Publish/Subscribe.;https://doi.org/10.1007/978-1-4614-8265-9_1210
Publish/Subscribe.;https://doi.org/10.1007/978-1-4614-8265-9_1181
Python;https://doi.org/10.1007/978-1-4842-2866-1
Python;https://doi.org/10.1007/978-3-658-33552-6
Python;https://doi.org/10.1007/978-3-030-61541-3
Python;https://doi.org/10.1007/978-3-319-60660-6
Python;https://doi.org/10.1007/978-3-319-14240-1
Python;https://doi.org/10.1007/978-1-4842-2802-9
Python;https://doi.org/10.1007/978-981-16-8615-3
quality;https://doi.org/10.1145/3284869.3284910
Quality-of-Service;https://doi.org/10.1007/978-1-4939-2092-1_35
Quality-of-Service;https://doi.org/10.1109/NOTERE.2011.5957973
Quantum;https://doi.org/10.1007/978-3-030-23922-0
Quantum;https://doi.org/10.1007/978-3-030-36899-9
Random;https://doi.org/10.1007/978-1-4939-0790-8_41
Random;https://doi.org/10.1090/dimacs/065
Random;https://doi.org/10.1007/978-3-030-95691-2
Random;https://doi.org/10.1007/978-3-642-21390-8
Random;https://doi.org/10.1007/978-1-4613-8643-8
Random;https://doi.org/10.1007/978-3-319-77697-2
Reasoning;https://doi.org/10.1007/978-3-540-92913-0_9
Reasoning;https://doi.org/10.1007/978-3-540-92913-0_10
Reasoning;https://doi.org/10.1007/978-3-540-92913-0_11
Reasoning;https://doi.org/10.1007/978-3-662-43505-2_16
Reasoning;https://doi.org/10.1109/COOPIS.1997.613803
Reasoning;https://doi.org/10.1007/3-540-36124-3_82
Reasoning;https://doi.org/10.1007/978-3-540-39964-3_39
Reasoning;https://doi.org/10.1109/COOPIS.1998.706234
Reasoning;https://doi.org/10.1007/10722620_1
Reasoning;https://doi.org/10.1145/3284869.3284929
Reasoning;https://doi.org/10.1007/1-4020-5695-8
Reasoning;https://doi.org/10.1007/978-3-642-22580-2
Reasoning;https://doi.org/10.1007/978-3-319-47012-2
Reasoning;https://doi.org/10.1007/3-540-46440-9
Reasoning;https://doi.org/10.1007/3-540-70736-0
Reasoning;https://doi.org/10.1007/b97201
Reasoning;https://doi.org/10.1007/3-540-44600-1
Recommender;https://doi.org/10.1007/978-1-4899-7637-6_4
Recommender;https://doi.org/10.1007/978-1-4899-7637-6_25
Recommender;https://doi.org/10.1007/978-1-4899-7637-6_17
Recommender;https://doi.org/10.1007/978-1-4899-7637-6_26
Recommender;https://doi.org/10.1007/978-1-4899-7637-6_6
Recommender;https://doi.org/10.1007/978-1-4899-7637-6_24
Recommender;https://doi.org/10.1007/978-1-4899-7637-6_15
Recommender;https://doi.org/10.1007/978-1-4899-7637-6_1
Recommender;https://doi.org/10.1007/978-1-4899-7637-6_27
Recommender;https://doi.org/10.1007/978-1-4899-7637-6_5
Recommender;https://doi.org/10.1007/978-1-4899-7637-6_19
Recommender;https://doi.org/10.1007/978-1-4899-7637-6_13
Recommender;https://doi.org/10.1007/978-1-4899-7637-6_23
Recommender;https://doi.org/10.1007/978-1-4899-7637-6_22
Recommender;https://doi.org/10.1007/978-1-4899-7637-6_11
Recommender;https://doi.org/10.1007/978-1-4899-7637-6_7
Recommender;https://doi.org/10.1007/978-1-4899-7637-6_21
Recommender;https://doi.org/10.1007/978-1-4899-7637-6_9
Recommender;https://doi.org/10.1007/978-1-4899-7637-6_18
Recommender;https://doi.org/10.1007/978-1-4899-7637-6_8
Recommender;https://doi.org/10.1007/978-1-4899-7637-6_14
Recommender;https://doi.org/10.1007/978-1-4899-7637-6_20
Recommender;https://doi.org/10.1007/978-3-540-30468-5_31
Recommender;https://doi.org/10.1145/3342428.3342697
Recommender;https://doi.org/10.1007/978-3-319-29659-3
Recommender;https://doi.org/10.1007/978-3-319-22735-1
Recommenders.;https://doi.org/10.1007/978-1-4899-7637-6_16
Reinforcement;https://doi.org/10.1145/3284869.3284920
Reinforcement;https://doi.org/10.1007/978-3-658-33034-7
Reinforcement;https://doi.org/10.1007/978-981-19-0638-1
Reinforcement;https://doi.org/10.1007/978-3-662-53455-7_5
Relational;https://doi.org/10.1007/978-1-4614-8265-9_967
Relational;https://doi.org/10.1007/978-0-387-39940-9_1531
Relational;https://doi.org/10.1007/978-1-4614-8265-9_972
Relational;https://doi.org/10.1007/978-1-4614-8265-9_154
Relational;https://doi.org/10.1007/978-0-387-39940-9_297
Relational;https://doi.org/10.1007/978-0-387-39940-9_296
Relational;https://doi.org/10.1109/COOPIS.1998.706183
Relational;https://doi.org/10.1109/COOPIS.1998.706194
Relational;https://doi.org/10.1109/COOPIS.1997.613797
Relational;https://doi.org/10.1007/978-3-540-39964-3_48
Relational;https://doi.org/10.1007/3-540-55798-9
Relational;https://doi.org/10.1007/978-3-642-69956-6
Relational;https://doi.org/10.1007/978-1-4612-4922-1
Relational;https://doi.org/10.1007/978-3-662-56266-6_8
Relational;https://doi.org/10.1007/978-3-662-45761-0_3
Relational;http://studia.complexica.net/index.php?option=com_content&view=article&id=76
Reliable;https://doi.org/10.1007/978-3-540-30468-5_24
Reliable;https://doi.org/10.1007/978-3-540-39964-3_46
Reliable;https://doi.org/10.1145/3342428.3342698
Reliable;https://doi.org/10.1007/978-3-662-45714-6_1
Reliable;https://doi.org/10.1007/978-3-642-23740-9_9
Reliable;http://studia.complexica.net/index.php?option=com_content&view=article&id=52
Replication;https://doi.org/10.1007/3-540-36124-3_50
Replication;https://doi.org/10.1007/978-3-540-30469-2_36
Replication;https://doi.org/10.1007/978-3-540-30469-2_35
Replication;https://doi.org/10.1007/978-3-540-39964-3_88
Replication;https://doi.org/10.1007/978-3-540-30469-2_37
Replication;https://doi.org/10.1109/NOTERE.2011.5957994
Replication;https://doi.org/10.1007/978-3-662-49214-7_6
Replication;https://doi.org/10.1007/978-3-642-23074-5_1
Resource;http://www.dr.hut-verlag.de/978-3-8439-2403-0.html
Resource;https://doi.org/10.1007/978-1-4939-2092-1_45
Resource;https://doi.org/10.1007/978-1-4939-2092-1_46
Resource;https://doi.org/10.1007/978-1-4939-2092-1_20
Resource;https://doi.org/10.1007/978-1-4939-2092-1_19
Resource;https://doi.org/10.1007/978-3-662-43505-2_70
Resource;https://doi.org/10.1007/978-1-4614-8265-9_315
Resource;https://doi.org/10.1007/978-1-4614-8265-9_80696
robot;https://d-nb.info/989482464
robust;http://studia.complexica.net/index.php?option=com_content&view=article&id=68
routing;https://doi.org/10.1109/NOTERE.2016.7745822
routing;https://doi.org/10.1109/NOTERE.2015.7293490
routing;https://doi.org/10.1145/1416729.1416791
routing;https://doi.org/10.1109/NOTERE.2015.7293506
routing;https://doi.org/10.1145/1416729.1416749
routing;https://doi.org/10.1504/IJTMCC.2014.064142
routing;https://doi.org/10.1504/IJTMCC.2014.063270
routing;https://doi.org/10.1504/IJTMCC.2013.056425
routing;https://doi.org/10.1504/IJTMCC.2015.072465
Safety;https://doi.org/10.1007/978-3-030-48883-3
Sampling;https://doi.org/10.1007/978-1-4939-0790-8_12
Sampling;https://doi.org/10.1007/978-3-642-45269-7_5
Scalable;https://d-nb.info/99128027X
Scalable;https://doi.org/10.1007/978-1-4939-2092-1_23
Scalable;https://doi.org/10.1007/978-1-4939-2092-1_12
Scalable;https://doi.org/10.1007/3-540-44751-2_31
Scalable;https://doi.org/10.1007/978-3-540-30469-2_39
Scalable;https://doi.org/10.1007/978-3-540-39964-3_46
Scalable;https://doi.org/10.1007/978-3-030-43506-6
Scalable;https://doi.org/10.1007/978-3-319-05630-2
Scalable;https://doi.org/10.1007/978-3-662-56266-6_7
Scalable;https://doi.org/10.1007/978-3-642-37574-3_1
Scalable;https://doi.org/10.1007/978-3-662-60531-8_5
scheduling;https://doi.org/10.1016/j.eswax.2020.100022
Science;https://doi.org/10.1007/978-3-030-42078-9
Science;https://doi.org/10.1007/978-3-319-29206-9
security;https://ethos.bl.uk/OrderDetails.do?uin=uk.bl.ethos.747982
security;https://d-nb.info/1007091916
security;https://doi.org/10.1109/NOTERE.2015.7293517
security;https://doi.org/10.1109/NOTERE.2015.7293514
security;https://doi.org/10.1145/1416729.1416741
security;https://doi.org/10.1504/IJTMCC.2014.063273
security;https://doi.org/10.1504/IJTMCC.2014.067303
security;https://doi.org/10.1504/IJTMCC.2015.076966
security;https://doi.org/10.1504/IJTMCC.2014.063272
Semantic;https://doi.org/10.1007/978-3-540-92913-0_22
Semantic;https://doi.org/10.1007/978-3-540-92913-0_5
Semantic;https://doi.org/10.1007/978-3-540-92913-0_9
Semantic;https://doi.org/10.1007/978-1-4614-8806-4_39
Semantic;https://doi.org/10.1007/978-3-540-92913-0_12
Semantic;https://doi.org/10.1007/978-3-540-92913-0_10
Semantic;https://doi.org/10.1007/978-3-540-92913-0_11
Semantic;https://doi.org/10.1007/978-3-540-92913-0_13
Semantic;https://doi.org/10.1007/978-3-540-92913-0_7
Semantic;https://doi.org/10.1007/978-3-540-92913-0_8
Semantic;https://doi.org/10.1007/978-3-540-92913-0_2
Semantic;https://doi.org/10.1007/978-3-540-92913-0_3
Semantic;https://doi.org/10.1007/978-3-540-92913-0_1
Semantic;https://doi.org/10.1007/978-3-540-92913-0_6
Semantic;https://doi.org/10.1007/978-3-540-92913-0_16
Semantic;https://doi.org/10.1007/978-3-540-92913-0_4
Semantic;https://doi.org/10.1007/978-3-540-92913-0_15
Semantic;https://doi.org/10.1007/978-1-4614-8265-9_1320
Semantic;https://doi.org/10.1007/978-0-387-39940-9_422
Semantic;https://doi.org/10.1007/978-1-4614-8265-9_422
Semantic;https://doi.org/10.1007/978-0-387-39940-9_1038
Semantic;https://doi.org/10.1007/978-0-387-39940-9_627
sensor;https://doi.org/10.1504/IJTMCC.2014.063273
sensor;https://doi.org/10.1504/IJTMCC.2013.052526
sensor;https://doi.org/10.1504/IJTMCC.2013.056446
sensor;https://doi.org/10.1504/IJTMCC.2017.10010538
sensor;https://doi.org/10.1504/IJTMCC.2014.067303
sensor;https://doi.org/10.1504/IJTMCC.2017.10010537
sensor;https://doi.org/10.1504/IJTMCC.2015.072465
sensor;http://studia.complexica.net/index.php?option=com_content&view=article&id=254%3Atimed-automata-based-modeling-and-verication-of-denial-of-service-attacks-in-wireless-sensor-networks-pp1-46-&catid=65%3Anumber-1-&Itemid=112
Service;https://doi.org/10.1007/3-540-44751-2_21
Service;https://doi.org/10.1007/978-3-540-30469-2_45
Service;https://doi.org/10.1007/3-540-36124-3_32
Service;https://doi.org/10.1007/3-540-36124-3_58
Service;https://doi.org/10.1007/978-3-540-39964-3_85
Service;https://doi.org/10.1007/978-3-540-30469-2_15
Service;https://doi.org/10.1109/NOTERE.2010.5536569
Service;https://doi.org/10.1109/NOTERE.2015.7293509
Service;https://doi.org/10.1109/NOTERE.2010.5536839
Service;https://doi.org/10.1109/NOTERE.2010.5536832
Service;https://doi.org/10.1109/NOTERE.2010.5536838
Service;https://doi.org/10.1007/s11280-006-0017-2
Service;https://doi.org/10.1007/978-3-658-29580-6
Service;https://doi.org/10.1007/978-3-319-55483-9
Service;https://doi.org/10.1007/978-981-15-4569-6
Sharing;https://doi.org/10.1007/978-3-540-39964-3_14
Sharing;https://doi.org/10.1109/COOPIS.1997.613802
Sharing;https://doi.org/10.1145/3284869.3284890
Sharing;https://doi.org/10.1007/978-3-540-88065-3
Sharing;https://doi.org/10.1007/978-981-15-5939-6
Sharing;https://doi.org/10.1007/978-3-030-59706-1
Sharing;https://doi.org/10.1007/978-3-642-03722-1_13
Sharing;https://doi.org/10.1007/978-3-662-62308-4_5
Simulation;https://doi.org/10.1007/978-1-4939-2092-1_28
Simulation;https://doi.org/10.1007/978-1-4939-2092-1_31
Simulation;https://doi.org/10.1007/978-3-319-95504-9_20
Simulation;https://doi.org/10.1007/978-3-658-14401-2
Simulation;https://doi.org/10.1007/978-1-4471-5637-6
Simulation;https://doi.org/10.1007/978-3-030-98816-6
Simulation;https://doi.org/10.1007/978-3-662-44949-3
Simulation;https://doi.org/10.1007/978-3-319-15099-4
Simulation;https://doi.org/10.1007/978-3-319-61267-6
simulations;http://studia.complexica.net/index.php?option=com_content&view=article&id=224%3Aautomated-observation-of-multi-agent-based-simulations-a-statistical-analysis-approach-pp-62-86
simulations;http://studia.complexica.net/index.php?option=com_content&view=article&id=217%3Aetude-de-la-diffusion-dinnovations-en-milieu-rural-a-laide-de-simulations-multi-agents-
Social;https://doi.org/10.1007/978-0-85729-247-6
Social;https://doi.org/10.1007/978-1-4842-2854-8
Social;https://doi.org/10.1007/3-540-49212-7
Social;https://doi.org/10.1007/978-1-4614-1885-6
Social;https://doi.org/10.1007/978-3-030-12528-8
Social;https://doi.org/10.1007/978-1-84996-332-9
Social;https://doi.org/10.1007/978-3-319-25952-9
Social;https://doi.org/10.1007/978-3-658-13533-1
Social;https://doi.org/10.1007/978-3-658-06984-1
Social;https://doi.org/10.1007/978-3-319-22735-1
software;https://d-nb.info/98882356X
software;https://d-nb.info/989592812
software;https://d-nb.info/983751560
software;https://doi.org/10.1109/NOTERE.2010.5536628
software;https://doi.org/10.1145/1416729.1416771
software;https://doi.org/10.1145/1416729.1416772
software;https://doi.org/10.1145/1416729.1416762
software;https://doi.org/10.1007/978-3-662-47771-7
SPARQL;https://doi.org/10.1007/978-3-540-92913-0_8
SPARQL;https://doi.org/10.1007/978-1-4614-8265-9_80803
SPARQL;https://doi.org/10.1016/j.eswax.2020.100024
SQL;https://doi.org/10.1007/978-1-4614-8265-9_366
SQL;https://doi.org/10.1007/978-3-031-06553-8
SQL;https://doi.org/10.1007/BFb0020710
SQL;https://doi.org/10.1007/978-3-662-50417-8
streaming;https://d-nb.info/99128027X
streaming;https://d-nb.info/991258614
streaming;https://doi.org/10.1145/1416729.1416743
Technology;https://doi.org/10.1007/978-3-540-92913-0_15
Technology;https://doi.org/10.1109/COOPIS.1997.613825
Technology;https://doi.org/10.1109/COOPIS.1996.555009
Technology;https://doi.org/10.1145/3284869.3284884
Technology;https://doi.org/10.1145/3411170.3411268
Technology;https://doi.org/10.1145/3411170.3411240
Technology;https://doi.org/10.1145/3284869.3284887
Technology;https://doi.org/10.1007/978-3-319-38891-5
Technology;https://doi.org/10.1007/b137376
Technology;https://doi.org/10.1007/978-3-030-95284-6
Technology;https://doi.org/10.1007/978-1-4612-4922-1
Technology;https://doi.org/10.1007/978-3-319-30973-6
Testing;http://editions-rnti.fr/?inprocid=1001869
Testing;https://doi.org/10.1007/978-0-387-77268-4
Testing;https://doi.org/10.1007/978-981-16-9643-5
Testing;https://doi.org/10.1007/978-3-319-15099-4
Testing;http://studia.complexica.net/index.php?option=com_content&view=article&id=72
Theory;https://doi.org/10.1007/978-3-030-32853-5
Theory;https://doi.org/10.1007/978-3-319-74778-1
Theory;https://doi.org/10.1007/978-1-4613-9595-9
Theory;https://doi.org/10.1007/3-540-28520-2
Theory;https://doi.org/10.1007/978-3-642-61623-5
Theory;https://doi.org/10.1007/978-3-642-31933-4
Theory;https://doi.org/10.1007/978-3-030-68624-6
Theory;https://doi.org/10.1007/11818762
Theory;https://doi.org/10.1007/978-3-7908-1870-3
Theory;https://doi.org/10.1007/978-3-319-57883-5
Theory;https://doi.org/10.1007/978-3-030-90279-7
Theory;https://doi.org/10.1007/978-1-4757-4286-2
Theory;https://doi.org/10.1007/978-1-4684-5287-7
Theory;https://doi.org/10.1007/978-3-030-32072-0
Theory;https://doi.org/10.1007/BFb0023017
Theory;https://doi.org/10.1007/3-540-32366-X
Theory;https://doi.org/10.1007/3-540-45318-0
Theory;https://doi.org/10.1007/978-3-319-89650-2
Theory;https://doi.org/10.1007/978-94-015-7949-0
Theory;https://doi.org/10.1007/978-3-642-69512-4
Theory;https://doi.org/10.1007/978-3-319-63100-4
Time;https://doi.org/10.1109/NOTERE.2010.5536671
Time;https://doi.org/10.1109/NOTERE.2015.7293487
Time;https://doi.org/10.1109/NOTERE.2011.5957996
Time;https://doi.org/10.1145/3411170.3411264
Topological;https://doi.org/10.1007/978-0-387-39940-9_432
Topological;https://doi.org/10.1007/3-540-70736-0
Topological;https://doi.org/10.1007/978-3-642-24812-2
traffic;https://doi.org/10.1109/NOTERE.2015.7293478
traffic;https://doi.org/10.1145/3342428.3342692
Transaction;https://doi.org/10.1007/978-0-387-39940-9_835
Transaction;https://doi.org/10.1007/978-0-387-39940-9_435
Transaction;https://doi.org/10.1007/978-1-4614-8265-9_721
Transaction;https://doi.org/10.1007/978-0-387-39940-9_721
Transaction;https://doi.org/10.1007/978-0-387-39940-9_717
Transaction;https://doi.org/10.1007/978-1-4614-8265-9_434
Transaction;https://doi.org/10.1007/978-0-387-39940-9_331
Transaction;https://doi.org/10.1007/978-1-4614-8265-9_331
Transaction;https://doi.org/10.1007/3-540-36124-3_19
Transaction;https://doi.org/10.1109/COOPIS.1998.706291
Transaction;https://doi.org/10.1007/978-3-540-39964-3_37
Tree;https://doi.org/10.1007/978-3-662-43505-2_64
Tree;https://doi.org/10.1007/978-0-387-39940-9_554
Tree;https://doi.org/10.1007/978-1-4614-8265-9_797
Tree;https://doi.org/10.1109/NOTERE.2010.5536798
Tree;https://doi.org/10.1007/978-3-662-45947-8_7
Tree;http://studia.complexica.net/index.php?option=com_content&view=article&id=111
Tuning;https://doi.org/10.1007/978-0-387-39940-9_77
Tuning;https://doi.org/10.1007/978-0-387-39940-9_33
Tuning;https://doi.org/10.1007/978-1-4614-8265-9_44
Tuning;https://doi.org/10.1007/978-3-662-50417-8
Tuning;https://doi.org/10.1007/978-3-662-53455-7_5
Tuning;https://doi.org/10.1007/978-3-662-62271-1_3
UML;https://doi.org/10.1007/3-540-36124-3_70
UML;https://doi.org/10.1007/10722620_3
UML;https://doi.org/10.1109/NOTERE.2010.5536654
UML;https://doi.org/10.1007/978-3-319-58862-9
UML;https://doi.org/10.1007/978-3-319-16106-8
Unsupervised;https://doi.org/10.1007/978-3-540-39964-3_51
Usability;https://d-nb.info/1148672664
Usability;https://d-nb.info/988799375
Usability;https://doi.org/10.1145/3342428.3342653
User-Centered;https://doi.org/10.1007/978-3-662-54173-9_1
Validation;https://doi.org/10.1007/978-3-319-15099-4
Validation;https://doi.org/10.1007/978-3-662-54037-4_1
Validation;https://doi.org/10.1007/978-3-642-34179-3_6
Validation;http://studia.complexica.net/index.php?option=com_content&view=article&id=223%3Avalidation-of-agent-based-land-use-model-by-markovian-model-application-to-forest-agriculture-transitions-in-madagascar-pp-33-61
Vector;https://doi.org/10.1007/978-1-4939-0790-8_22
Vector;https://doi.org/10.1007/978-1-4614-8265-9_557
Vector;https://doi.org/10.1007/978-1-4471-7505-6
Vector;https://doi.org/10.1007/BFb0040661
Vector;https://doi.org/10.1007/978-3-662-58808-6_3
vehicles;https://doi.org/10.1109/NOTERE.2015.7293502
Verification;https://doi.org/10.1109/NOTERE.2011.5957992
Verification;https://doi.org/10.1007/978-3-319-68670-7
Verification;https://doi.org/10.1007/978-3-540-78636-8
Verification;https://doi.org/10.1007/BFb0023017
Verification;https://doi.org/10.1007/3-540-60761-7
Verification;https://doi.org/10.1007/3-540-10886-6
Verification;https://doi.org/10.1007/978-3-031-09268-8
Warehouse;https://doi.org/10.1007/978-0-387-39940-9_118
Warehouse;https://doi.org/10.1007/10722620_7
Warehouse;https://doi.org/10.1109/COOPIS.1999.792148
Warehouse;https://doi.org/10.1109/COOPIS.1996.555001
Warehouse;https://doi.org/10.1007/b97475
Warehouse;https://doi.org/10.1007/978-3-662-46335-2_1
Warehouse;https://doi.org/10.1007/978-3-662-63519-3_4
Warehousing;https://doi.org/10.1007/978-1-4614-8265-9_120
web;https://doi.org/10.1007/10722620_4
web;https://doi.org/10.1145/1416729.1416736
web;https://doi.org/10.1145/1416729.1416735
web;http://editions-rnti.fr/?inprocid=1001873
web;https://doi.org/10.1145/1416729.1416737
web;https://doi.org/10.1145/1416729.1416780
Web;https://doi.org/10.1007/978-3-540-92913-0_22
Web;https://doi.org/10.1007/978-3-540-92913-0_5
Web;https://doi.org/10.1007/978-1-4899-7637-6_17
Web;https://doi.org/10.1007/978-1-4614-8806-4_39
Web;https://doi.org/10.1007/978-3-540-92913-0_2
Web;https://doi.org/10.1007/978-3-540-92913-0_1
Web;https://doi.org/10.1007/978-3-540-92913-0_6
Web;https://doi.org/10.1007/978-3-540-92913-0_16
Web;https://doi.org/10.1007/978-0-387-39940-9_1166
Web;https://doi.org/10.1007/978-1-4614-8265-9_461
Web;https://doi.org/10.1007/978-1-4614-8265-9_1156
Web;https://doi.org/10.1007/978-1-4614-8265-9_165
Web;https://doi.org/10.1007/978-1-4614-8265-9_460
Web;https://doi.org/10.1007/978-0-387-39940-9_1159
Web;https://doi.org/10.1007/978-1-4614-8265-9_1159
Web;https://doi.org/10.1007/978-0-387-39940-9_5019
Web;https://doi.org/10.1007/978-0-387-39940-9_1156
Web;https://doi.org/10.1007/978-0-387-39940-9_94
Web;https://doi.org/10.1007/978-0-387-39940-9_1191
Web;https://doi.org/10.1007/978-1-4614-8265-9_464
Web;https://doi.org/10.1007/978-0-387-39940-9_1163
Web;https://doi.org/10.1007/978-0-387-39940-9_326
Web;https://doi.org/10.1007/978-1-4614-8265-9_1163
Wi-Fi;https://doi.org/10.1109/NOTERE.2016.7745827
Wi-Fi;https://doi.org/10.1007/978-3-662-63519-3_4
Wireless;https://doi.org/10.1109/NOTERE.2010.5536748
Wireless;https://doi.org/10.1109/NOTERE.2015.7293512
Wireless;https://doi.org/10.1109/NOTERE.2015.7293474
Wireless;https://doi.org/10.1109/NOTERE.2011.5957973
Wireless;https://doi.org/10.1109/NOTERE.2015.7293503
Wireless;https://doi.org/10.1007/978-3-319-61949-1_23
Wireless;https://doi.org/10.1145/3342428.3342660
Wireless;https://doi.org/10.1007/978-3-319-61949-1_19
Wireless;https://doi.org/10.1007/978-0-387-46781-8
Wireless;https://doi.org/10.1007/978-3-030-82036-7
Wireless;https://doi.org/10.1007/11818762
Wireless;https://doi.org/10.1007/978-3-319-46769-6
Wireless;https://doi.org/10.1007/978-3-030-51441-9
Wireless;https://doi.org/10.1007/978-981-13-5808-1
Wireless;https://doi.org/10.1007/978-981-13-5880-7
Wireless;https://doi.org/10.1007/978-981-13-0821-5
XML;https://d-nb.info/987676849
XML;https://d-nb.info/988829878
XML;https://doi.org/10.1007/978-1-4614-8265-9_779
XML;https://doi.org/10.1007/978-0-387-39940-9_783
XML;https://doi.org/10.1007/978-0-387-39940-9_473
XML;https://doi.org/10.1007/978-1-4614-8265-9_777
XML;https://doi.org/10.1007/978-0-387-39940-9_780
XML;https://doi.org/10.1007/978-1-4614-8265-9_793
XML;https://doi.org/10.1007/978-1-4614-8265-9_797
XML;https://doi.org/10.1007/978-0-387-39940-9_1563
XML;https://doi.org/10.1007/978-0-387-39940-9_778
XML;https://doi.org/10.1007/978-0-387-39940-9_786
XML;https://doi.org/10.1007/978-3-540-30468-5_15
XML;https://doi.org/10.1007/3-540-44751-2_29
XML;https://doi.org/10.1007/3-540-36124-3_80
XML;https://doi.org/10.1007/3-540-36124-3_81
XML;https://doi.org/10.1007/3-540-36124-3_79
XML;https://doi.org/10.1007/978-3-540-30469-2_18
XML;https://doi.org/10.1007/978-3-540-30469-2_17
XML;https://doi.org/10.1007/978-3-540-30469-2_7
XML;https://doi.org/10.1109/COOPIS.1999.792166
XML;https://doi.org/10.1007/978-3-540-39964-3_49
XML;https://doi.org/10.1007/978-3-540-39964-3_3
XML;https://doi.org/10.1007/3-540-36124-3_25
XML;https://doi.org/10.1007/s11280-007-0032-y
XML;https://doi.org/10.1007/978-3-662-45714-6_4
XML;https://doi.org/10.1007/978-3-642-40069-8_4
XML;https://doi.org/10.1007/978-3-662-48567-5_3
XML;https://doi.org/10.1007/978-3-642-41221-9_3
XML;https://doi.org/10.1007/978-3-642-34179-3_6
XML;https://doi.org/10.1007/978-3-662-49214-7_4
